Data da Geração: 16/05/2026;;;;;;;;;;;;;;;;;;;;;;;
Código do Contrato: 19982;;;;;;;;;;;;;;;;;;;;;;;
Nome do Contrato:;;;;;;;;;;;;;;;;;;;;;;;
Cliente: TM SEGURANCA CONSULTORIA & TECNOLOGIA INTEGRADA LTDA;;;;;;;;;;;;;;;;;;;;;;;
Código da Fatura: 494232;;;;;;;;;;;;;;;;;;;;;;;
Mês de referência: mai./2026;;;;;;;;;;;;;;;;;;;;;;;
Período apurado: 01/05/2026 à 15/05/2026;;;;;;;;;;;;;;;;;;;;;;;
Vencimento: 25/05/2026;;;;;;;;;;;;;;;;;;;;;;;
Status da fatura: A Pagar;;;;;;;;;;;;;;;;;;;;;;;
Código;Data da Transação;Hora da Transação;Data do Processamento;Tipo de Transação;Data da ativação;Quantidade de requisições;Placa;Tipo de Veículo;Marca do Veículo;Modelo do Veículo;TAG;Tipo de Tag;Apelido;Hierarquia;Categoria Cadastrada;Categoria cobrada;Estabelecimento;Endereço;Valor da Transação(R$);Valor utilizado de vale-pedágio(R$);Valor cobrado(R$);Valor Pago;MDF-e
b60c6db4-3b12-4a28-930f-10c79c9dd6bc;30/04/2026;19:43:18;01/05/2026 00:04;Pedágio;;;UGU6E48;Passeio;VOLKSWAGEN;POLO;"6790100008889452	";Tag;KIT 03;;2 eixos rodagem simples;2 eixos rodagem simples;RioSP;Rodovia Presidente Dutra, KM 318+900, Itatiaia - RJ;-13,78;0;-13,78;;Não
06cf35fc-dfa4-4be7-b4d8-881d27b82aa1;30/04/2026;22:22:06;01/05/2026 08:05;Pedágio;;;UGU6E48;Passeio;VOLKSWAGEN;POLO;"6790100008889452	";Tag;KIT 03;;2 eixos rodagem simples;2 eixos rodagem simples;RioSP;Rodovia Presidente Dutra, KM 204+500, Arujá - SP;-3,71;0;-3,71;;Não
c13d5d24-9eb0-4725-b948-906342abf813;30/04/2026;20:57:21;01/05/2026 10:23;Pedágio;;;UGU6E48;Passeio;VOLKSWAGEN;POLO;"6790100008889452	";Tag;KIT 03;;2 eixos rodagem simples;2 eixos rodagem simples;RioSP;Rodovia Presidente Dutra, KM 086+950, Pindamonhangaba - SP;-12,62;0;-12,62;;Não
40db2a54-f8e5-47c9-aab7-9918917a1987;23/04/2026;07:56:41;02/05/2026 13:09;Pedágio;;;UEB7H08;Passeio;VOLKSWAGEN;POLO;"6790100008889072	";Tag;KIT 05;;2 eixos rodagem simples;2 eixos rodagem simples;Autopista Fernão Dias;Rodovia Fernão Dias, KM 900+900, Cambuí - MG;-3,2;0;-3,2;;Não
0e952f3c-d657-4c1a-bfc8-d77cb472e2db;04/05/2026;06:38:40;04/05/2026 06:38;Pedágio;;;UEB7H08;Passeio;VOLKSWAGEN;POLO;"6790100008889072	";Tag;KIT 05;;2 eixos rodagem simples;2 eixos rodagem simples;Ecovias Imigrantes;Rodovia dos Imigrantes, KM 032+381, São Bernardo do Campo - SP;-38,7;0;-38,7;;Não
7b784080-80d7-4781-8dfb-16ef8a9c0d69;04/05/2026;14:14:51;04/05/2026 14:15;Pedágio;;;UER7D08;Passeio;VOLKSWAGEN;POLO;"6790100008888934	";Tag;KIT 05;;2 eixos rodagem simples;2 eixos rodagem simples;AutoBan;Rodovia dos Bandeirantes, KM 039+047, Franco da Rocha - SP;-13,7;0;-13,7;;Não
060a6c07-1efc-4335-b0eb-e1068057be3b;04/05/2026;14:14:54;04/05/2026 14:15;Pedágio;;;UGU6E48;Passeio;VOLKSWAGEN;POLO;"6790100008889452	";Tag;KIT 03;;2 eixos rodagem simples;2 eixos rodagem simples;AutoBan;Rodovia dos Bandeirantes, KM 039+047, Franco da Rocha - SP;-13,7;0;-13,7;;Não
645685d3-3d7a-41fb-a44e-05dae4aa9bd6;04/05/2026;17:00:11;04/05/2026 18:54;Pedágio;;;UGU6E48;Passeio;VOLKSWAGEN;POLO;"6790100008889452	";Tag;KIT 03;;2 eixos rodagem simples;2 eixos rodagem simples;RioSP;Rodovia Presidente Dutra, KM 165+200, Jacareí - SP;-7,7;0;-7,7;;Não
9e468f1c-ed0d-4a91-9fcf-72c7175e8a52;04/05/2026;19:04:50;04/05/2026 20:08;Pedágio;;;UGU6E48;Passeio;VOLKSWAGEN;POLO;"6790100008889452	";Tag;KIT 03;;2 eixos rodagem simples;2 eixos rodagem simples;RioSP;Rodovia Presidente Dutra, KM 180+800, Guararema - SP;-4,28;0;-4,28;;Não
a951fa34-00cd-4df2-a035-2e35263b4462;04/05/2026;19:19:46;04/05/2026 20:08;Pedágio;;;UGU6E48;Passeio;VOLKSWAGEN;POLO;"6790100008889452	";Tag;KIT 03;;2 eixos rodagem simples;2 eixos rodagem simples;RioSP;Rodovia Presidente Dutra, KM 204+500, Arujá - SP;-4,28;0;-4,28;;Não
3ec0432f-735c-495e-8abc-177150047e6a;04/05/2026;18:50:22;04/05/2026 20:44;Pedágio;;;UGU6E48;Passeio;VOLKSWAGEN;POLO;"6790100008889452	";Tag;KIT 03;;2 eixos rodagem simples;2 eixos rodagem simples;RioSP;Rodovia Presidente Dutra, KM 165+200, Jacareí - SP;-7,7;0;-7,7;;Não
623cd590-d41c-4dd0-9f27-3bc853d5df99;04/05/2026;19:23:50;04/05/2026 21:15;Pedágio;;;UER7D08;Passeio;VOLKSWAGEN;POLO;"6790100008888934	";Tag;KIT 05;;2 eixos rodagem simples;2 eixos rodagem simples;RioSP;Rodovia Presidente Dutra, KM 165+200, Jacareí - SP;-7,7;0;-7,7;;Não
92746bf2-6e4b-460a-989b-46759cef423c;04/05/2026;20:49:14;04/05/2026 21:46;Pedágio;;;UER7D08;Passeio;VOLKSWAGEN;POLO;"6790100008888934	";Tag;KIT 05;;2 eixos rodagem simples;2 eixos rodagem simples;RioSP;Rodovia Presidente Dutra, KM 180+800, Guararema - SP;-4,28;0;-4,28;;Não
eacc8391-6142-468f-ad13-b39f052242bb;04/05/2026;21:30:22;04/05/2026 22:25;Pedágio;;;UER7D08;Passeio;VOLKSWAGEN;POLO;"6790100008888934	";Tag;KIT 05;;2 eixos rodagem simples;2 eixos rodagem simples;RioSP;Rodovia Presidente Dutra, KM 204+500, Arujá - SP;-4,28;0;-4,28;;Não
5557a905-86db-423e-87ba-92ef1ba68073;04/05/2026;22:36:59;04/05/2026 22:37;Pedágio;;;UGU6E48;Passeio;VOLKSWAGEN;POLO;"6790100008889452	";Tag;KIT 03;;2 eixos rodagem simples;2 eixos rodagem simples;AutoBan;Rodovia Anhanguera, KM 026+495, São Paulo - SP;-13,7;0;-13,7;;Não
d0669298-7955-4231-957a-97610baf37e9;04/05/2026;23:15:17;04/05/2026 23:15;Pedágio;;;UGU6E48;Passeio;VOLKSWAGEN;POLO;"6790100008889452	";Tag;KIT 03;;2 eixos rodagem simples;2 eixos rodagem simples;AutoBan;Rodovia Anhanguera, KM 026+495, São Paulo - SP;-13,7;0;-13,7;;Não
c019b0c3-331b-4498-9d46-be0ad47f1e12;04/05/2026;20:39:03;04/05/2026 23:36;Pedágio;;;UER7D08;Passeio;VOLKSWAGEN;POLO;"6790100008888934	";Tag;KIT 05;;2 eixos rodagem simples;2 eixos rodagem simples;RioSP;Rodovia Presidente Dutra, KM 165+200, Jacareí - SP;-7,7;0;-7,7;;Não
8e4406fd-f38b-42e1-b05c-6c5bda43f5f3;05/05/2026;00:07:24;05/05/2026 00:07;Pedágio;;;UGU6E48;Passeio;VOLKSWAGEN;POLO;"6790100008889452	";Tag;KIT 03;;2 eixos rodagem simples;2 eixos rodagem simples;Ecovias Imigrantes;Rodovia dos Imigrantes, KM 032+381, São Bernardo do Campo - SP;-38,7;0;-38,7;;Não
05000582-8fc7-4172-87af-a11f1281d4a5;05/05/2026;03:37:30;05/05/2026 03:37;Pedágio;;;UGU6E48;Passeio;VOLKSWAGEN;POLO;"6790100008889452	";Tag;KIT 03;;2 eixos rodagem simples;2 eixos rodagem simples;Ecovias Imigrantes;Rodovia Cônego Domênico Rangoni, KM 250+464, Santos - SP;-18,3;0;-18,3;;Não
37dac37f-65d0-4072-8370-9bc214b1483e;05/05/2026;04:16:43;05/05/2026 04:17;Pedágio;;;UER7D08;Passeio;VOLKSWAGEN;POLO;"6790100008888934	";Tag;KIT 05;;2 eixos rodagem simples;2 eixos rodagem simples;Ecovias Leste Paulista;Rodovia Ayrton Senna da Silva, KM 032+900, Itaquaquecetuba - SP;-5,7;0;-5,7;;Não
dcaa6e75-a051-4cf7-beea-0dd28592f2a5;05/05/2026;05:47:34;05/05/2026 05:47;Pedágio;;;UER7D08;Passeio;VOLKSWAGEN;POLO;"6790100008888934	";Tag;KIT 05;;2 eixos rodagem simples;2 eixos rodagem simples;SPMar;Rodoanel Mario Covas, KM 124+740, Itaquaquecetuba - SP;-4,1;0;-4,1;;Não
6d28d99d-3dea-422d-8ba4-668e2794f51e;05/05/2026;06:06:35;05/05/2026 06:07;Pedágio;;;UER7D08;Passeio;VOLKSWAGEN;POLO;"6790100008888934	";Tag;KIT 05;;2 eixos rodagem simples;2 eixos rodagem simples;Ecovias Leste Paulista;Rodovia Ayrton Senna da Silva, KM 057+800, Guararema - SP;-5,4;0;-5,4;;Não
74cb000c-a2ff-4fc9-8f26-deefce124e24;05/05/2026;06:34:56;05/05/2026 06:35;Pedágio;;;UER7D08;Passeio;VOLKSWAGEN;POLO;"6790100008888934	";Tag;KIT 05;;2 eixos rodagem simples;2 eixos rodagem simples;Ecovias Leste Paulista;Rodovia Governador Carvalho Pinto, KM 092+500, São José dos Campos - SP;-5,4;0;-5,4;;Não
78cc127d-e31a-4e39-86de-21b5a460ebba;05/05/2026;06:53:38;05/05/2026 06:54;Pedágio;;;UER7D08;Passeio;VOLKSWAGEN;POLO;"6790100008888934	";Tag;KIT 05;;2 eixos rodagem simples;2 eixos rodagem simples;Ecovias Leste Paulista;Rodovia Governador Carvalho Pinto, KM 114+000, Caçapava - SP;-5,5;0;-5,5;;Não
875b8d45-b60c-4585-aebd-aaff88f62b7b;05/05/2026;06:56:25;05/05/2026 06:56;Pedágio;;;UGU6E48;Passeio;VOLKSWAGEN;POLO;"6790100008889452	";Tag;KIT 03;;2 eixos rodagem simples;2 eixos rodagem simples;Ecovias Imigrantes;Rodovia dos Imigrantes, KM 032+381, São Bernardo do Campo - SP;-38,7;0;-38,7;;Não
2bfd0a0c-2c71-40bf-aa2c-6cb27778c8b0;05/05/2026;09:29:15;05/05/2026 11:00;Pedágio;;;UER7D08;Passeio;VOLKSWAGEN;POLO;"6790100008888934	";Tag;KIT 05;;2 eixos rodagem simples;2 eixos rodagem simples;RioSP;Rodovia Presidente Dutra, KM 318+900, Itatiaia - RJ;-13,78;0;-13,78;;Não
bc9e7b6c-8bc5-4efd-8deb-135cdf2c3e62;05/05/2026;12:29:31;05/05/2026 12:29;Pedágio;;;UEB7H08;Passeio;VOLKSWAGEN;POLO;"6790100008889072	";Tag;KIT 05;;2 eixos rodagem simples;2 eixos rodagem simples;AutoBan;Rodovia Anhanguera, KM 026+495, São Paulo - SP;-13,7;0;-13,7;;Não
849e58e4-4394-4f7b-9f38-254fb238c8f5;05/05/2026;12:15:07;05/05/2026 13:24;Pedágio;;;UER7D08;Passeio;VOLKSWAGEN;POLO;"6790100008888934	";Tag;KIT 05;;2 eixos rodagem simples;2 eixos rodagem simples;RioSP;Rodovia Presidente Dutra, KM 318+900, Itatiaia - RJ;-13,78;0;-13,78;;Não
39f96b5a-7331-4582-950a-d152ae968d59;05/05/2026;14:29:17;05/05/2026 14:29;Pedágio;;;UEB7H08;Passeio;VOLKSWAGEN;POLO;"6790100008889072	";Tag;KIT 05;;2 eixos rodagem simples;2 eixos rodagem simples;AutoBan;Rodovia Anhanguera, KM 026+495, São Paulo - SP;-13,7;0;-13,7;;Não
96edbfc5-719e-490f-bcad-2694a78d815a;05/05/2026;14:52:38;05/05/2026 14:52;Pedágio;;;UEB7H08;Passeio;VOLKSWAGEN;POLO;"6790100008889072	";Tag;KIT 05;;2 eixos rodagem simples;2 eixos rodagem simples;RodoAnel Oeste;Rodoanel Mário Covas, KM 025+360, Cotia - SP;-3,5;0;-3,5;;Não
8c8fc20e-c65d-494d-8abb-c7fb60828403;05/05/2026;16:08:33;05/05/2026 16:08;Pedágio;;;UEB7H08;Passeio;VOLKSWAGEN;POLO;"6790100008889072	";Tag;KIT 05;;2 eixos rodagem simples;2 eixos rodagem simples;RodoAnel Oeste;Rodoanel Mário Covas, KM 015+610, Barueri - SP;-3,5;0;-3,5;;Não
dfd3bab9-79d1-4a25-9f15-8f78e1294e10;05/05/2026;15:36:44;05/05/2026 17:10;Pedágio;;;UER7D08;Passeio;VOLKSWAGEN;POLO;"6790100008888934	";Tag;KIT 05;;2 eixos rodagem simples;2 eixos rodagem simples;RioSP;Rodovia Presidente Dutra, KM 180+800, Guararema - SP;-3,98;0;-3,98;;Não
ce5772ef-2fb3-463d-81cf-9265069f7714;05/05/2026;15:52:34;05/05/2026 17:17;Pedágio;;;UER7D08;Passeio;VOLKSWAGEN;POLO;"6790100008888934	";Tag;KIT 05;;2 eixos rodagem simples;2 eixos rodagem simples;RioSP;Rodovia Presidente Dutra, KM 204+500, Arujá - SP;-4,13;0;-4,13;;Não
d0069bbc-993a-431b-879b-d6757e9613f5;05/05/2026;14:33:55;05/05/2026 17:50;Pedágio;;;UER7D08;Passeio;VOLKSWAGEN;POLO;"6790100008888934	";Tag;KIT 05;;2 eixos rodagem simples;2 eixos rodagem simples;RioSP;Rodovia Presidente Dutra, KM 165+200, Jacareí - SP;-7;0;-7;;Não
7f5daa19-f3ed-4457-b2c9-326ffaf06b58;05/05/2026;23:19:56;05/05/2026 23:20;Pedágio;;;UER7D08;Passeio;VOLKSWAGEN;POLO;"6790100008888934	";Tag;KIT 05;;2 eixos rodagem simples;2 eixos rodagem simples;Ecovias Imigrantes;Rodovia dos Imigrantes, KM 020+100, Diadema - SP;-5,7;0;-5,7;;Não
dd9d880f-e95b-4fb9-bd28-034b3b1a70c1;06/05/2026;00:04:18;06/05/2026 00:04;Pedágio;;;UER7D08;Passeio;VOLKSWAGEN;POLO;"6790100008888934	";Tag;KIT 05;;2 eixos rodagem simples;2 eixos rodagem simples;Ecovias Imigrantes;Rodovia dos Imigrantes, KM 025+579, São Bernardo do Campo - SP;-9,1;0;-9,1;;Não
6c22e16f-5dd3-43b3-9fb7-ba7233bf9494;06/05/2026;00:23:43;06/05/2026 00:23;Pedágio;;;UER7D08;Passeio;VOLKSWAGEN;POLO;"6790100008888934	";Tag;KIT 05;;2 eixos rodagem simples;2 eixos rodagem simples;SPMar;Rodoanel Mário Covas, KM 050+000, São Paulo - SP;-5,4;0;-5,4;;Não
efa3d5b8-4d82-4e03-a69d-9f6dff3e39ac;06/05/2026;00:48:05;06/05/2026 00:48;Pedágio;;;UER7D08;Passeio;VOLKSWAGEN;POLO;"6790100008888934	";Tag;KIT 05;;2 eixos rodagem simples;2 eixos rodagem simples;RodoAnel Oeste;Rodoanel Mário Covas, KM 020+870, Carapicuíba - SP;-3,5;0;-3,5;;Não
6d1f758d-e19d-4ee7-b77b-e6f3d362d7b7;05/05/2026;07:34:00;06/05/2026 04:20;Pedágio;;;UER7D08;Passeio;VOLKSWAGEN;POLO;"6790100008888934	";Tag;KIT 05;;2 eixos rodagem simples;2 eixos rodagem simples;RioSP;Rodovia Presidente Dutra, KM 086+950, Pindamonhangaba - SP;-16,06;0;-16,06;;Não
216eaefd-197f-4d52-be08-5ead65f2aa0b;06/05/2026;05:37:31;06/05/2026 05:39;Pedágio;;;UEB7H08;Passeio;VOLKSWAGEN;POLO;"6790100008889072	";Tag;KIT 05;;2 eixos rodagem simples;2 eixos rodagem simples;Ecovias Raposo Castello;SP-280, KM 018+000, Osasco - SP;-3,99;0;-3,99;;Não
2b9e6a13-46f1-4cc6-91c2-358625da2446;06/05/2026;06:12:47;06/05/2026 06:12;Pedágio;;;UER7D08;Passeio;VOLKSWAGEN;POLO;"6790100008888934	";Tag;KIT 05;;2 eixos rodagem simples;2 eixos rodagem simples;Ecovias Imigrantes;Rodovia dos Imigrantes, KM 032+381, São Bernardo do Campo - SP;-38,7;0;-38,7;;Não
b02b8958-1e88-40b0-bb23-fab98d128ee6;06/05/2026;07:14:17;06/05/2026 07:17;Pedágio;;;UGU6E48;Passeio;VOLKSWAGEN;POLO;"6790100008889452	";Tag;KIT 03;;2 eixos rodagem simples;2 eixos rodagem simples;Ecovias Raposo Castello;SP-280, KM 018+000, Osasco - SP;-3,99;0;-3,99;;Não
322cef6d-5c7c-485f-b8f5-8499c9c2a4e2;06/05/2026;07:23:52;06/05/2026 07:25;Pedágio;;;UGU6E48;Passeio;VOLKSWAGEN;POLO;"6790100008889452	";Tag;KIT 03;;2 eixos rodagem simples;2 eixos rodagem simples;RodoAnel Oeste;Rodoanel Mário Covas, KM 025+360, Cotia - SP;-3,5;0;-3,5;;Não
ff4ba568-7ae1-4f45-84b5-9ae5d0db40cf;06/05/2026;07:42:11;06/05/2026 07:43;Pedágio;;;UGU6E48;Passeio;VOLKSWAGEN;POLO;"6790100008889452	";Tag;KIT 03;;2 eixos rodagem simples;2 eixos rodagem simples;Autopista Régis Bittencourt;Rodovia Régis Bittencourt, KM 298+000, São Lourenço da Serra - SP;-4,3;0;-4,3;;Não
63530055-9d36-4850-a1ba-86332c8d671d;05/05/2026;13:42:05;06/05/2026 07:46;Pedágio;;;UER7D08;Passeio;VOLKSWAGEN;POLO;"6790100008888934	";Tag;KIT 05;;2 eixos rodagem simples;2 eixos rodagem simples;RioSP;Rodovia Presidente Dutra, KM 086+950, Pindamonhangaba - SP;-16,06;0;-16,06;;Não
7715d0cc-ef14-485a-a6c6-c63c2ad15161;06/05/2026;11:05:26;06/05/2026 11:09;Pedágio;;;UGU6E48;Passeio;VOLKSWAGEN;POLO;"6790100008889452	";Tag;KIT 03;;2 eixos rodagem simples;2 eixos rodagem simples;Autopista Régis Bittencourt;Rodovia Régis Bittencourt, KM 298+000, Itapecerica da Serra - SP;-4,3;0;-4,3;;Não
6d7fc686-5e68-497f-9b9f-441296ee98b0;06/05/2026;11:48:40;06/05/2026 11:49;Pedágio;;;UGU6E48;Passeio;VOLKSWAGEN;POLO;"6790100008889452	";Tag;KIT 03;;2 eixos rodagem simples;2 eixos rodagem simples;Ecovias Raposo Castello;SP-280, KM 033+000, Itapevi - SP;-9,31;0;-9,31;;Não
c762dfc7-7368-417c-9ced-7c3be6787f1b;06/05/2026;11:34:52;06/05/2026 11:50;Pedágio;;;UGU6E48;Passeio;VOLKSWAGEN;POLO;"6790100008889452	";Tag;KIT 03;;2 eixos rodagem simples;2 eixos rodagem simples;RodoAnel Oeste;Rodoanel Mário Covas, KM 015+610, Barueri - SP;-3,5;0;-3,5;;Não
57486657-559d-45df-a293-48fd45c4b32b;06/05/2026;12:36:42;06/05/2026 12:37;Pedágio;;;UEB7H08;Passeio;VOLKSWAGEN;POLO;"6790100008889072	";Tag;KIT 05;;2 eixos rodagem simples;2 eixos rodagem simples;Ecovias Raposo Castello;SP-280, KM 020+000, Barueri - SP;-3,99;0;-3,99;;Não
6bc10d6d-54f8-4aae-80a5-a0939579fb51;06/05/2026;12:48:46;06/05/2026 12:49;Pedágio;;;UGU6E48;Passeio;VOLKSWAGEN;POLO;"6790100008889452	";Tag;KIT 03;;2 eixos rodagem simples;2 eixos rodagem simples;Via Colinas;Rodovia Presidente Castello Branco, KM 111+300, Boituva - SP;-13,8;0;-13,8;;Não
a010a165-f1a2-4929-a425-cdaff9c45137;06/05/2026;12:48:58;06/05/2026 12:53;Pedágio;;;UEB7H08;Passeio;VOLKSWAGEN;POLO;"6790100008889072	";Tag;KIT 05;;2 eixos rodagem simples;2 eixos rodagem simples;RodoAnel Oeste;Rodoanel Mário Covas, KM 025+360, Cotia - SP;-3,5;0;-3,5;;Não
629022c0-d25f-4a21-a9f9-7353d117d131;06/05/2026;13:20:37;06/05/2026 13:27;Pedágio;;;UGU6E48;Passeio;VOLKSWAGEN;POLO;"6790100008889452	";Tag;KIT 03;;2 eixos rodagem simples;2 eixos rodagem simples;SPVias;Rodovia Presidente Castello Branco, KM 158+300, Porangaba - SP;-19,4;0;-19,4;;Não
66dea41d-bd5a-4046-a1b8-82f4388d4006;06/05/2026;13:38:57;06/05/2026 13:39;Pedágio;;;UEB7H08;Passeio;VOLKSWAGEN;POLO;"6790100008889072	";Tag;KIT 05;;2 eixos rodagem simples;2 eixos rodagem simples;Ecovias Imigrantes;Rodovia dos Imigrantes, KM 032+381, São Bernardo do Campo - SP;-38,7;0;-38,7;;Não
5db603dc-b09d-4f34-bec3-2eb2e56dd629;06/05/2026;13:32:08;06/05/2026 13:40;Pedágio;;;UEB7H08;Passeio;VOLKSWAGEN;POLO;"6790100008889072	";Tag;KIT 05;;2 eixos rodagem simples;2 eixos rodagem simples;SPMar;Rodoanel Mario Covas, KM 070+200, São Bernardo do Campo - SP;-5,4;0;-5,4;;Não
ef7c9c7b-70b2-4ec2-8b7c-67613e3bc29b;06/05/2026;13:59:15;06/05/2026 14:05;Pedágio;;;UGU6E48;Passeio;VOLKSWAGEN;POLO;"6790100008889452	";Tag;KIT 03;;2 eixos rodagem simples;2 eixos rodagem simples;SPVias;Rodovia Presiednte Castello Branco , KM 208+400, Itatinga - SP;-19,4;0;-19,4;;Não
64ea60db-19b3-41ff-acae-7a666d429c55;06/05/2026;14:46:21;06/05/2026 14:56;Pedágio;;;UGU6E48;Passeio;VOLKSWAGEN;POLO;"6790100008889452	";Tag;KIT 03;;2 eixos rodagem simples;2 eixos rodagem simples;SPVias;Rodovia Presiednte Castello Branco , KM 278+000, Iaras - SP;-13,2;0;-13,2;;Não
31c86e6b-ba25-4a52-8a3b-5dccc293f1e9;06/05/2026;16:03:20;06/05/2026 16:05;Pedágio;;;UGU6E48;Passeio;VOLKSWAGEN;POLO;"6790100008889452	";Tag;KIT 03;;2 eixos rodagem simples;2 eixos rodagem simples;EPR Litoral;BR-369, KM 001+400, Jacarezinho - PR;-12,16;0;-12,16;;Não
44310bde-cbcf-48ba-a421-320124afb8c6;06/05/2026;16:27:33;06/05/2026 16:30;Pedágio;;;UEB7H08;Passeio;VOLKSWAGEN;POLO;"6790100008889072	";Tag;KIT 05;;2 eixos rodagem simples;2 eixos rodagem simples;SPMar;Rodoanel Mário Covas, KM 050+000, São Paulo - SP;-5,4;0;-5,4;;Não
933cd38d-a27a-4328-a28c-9fef31ba841f;06/05/2026;17:07:24;06/05/2026 17:07;Pedágio;;;UEB7H08;Passeio;VOLKSWAGEN;POLO;"6790100008889072	";Tag;KIT 05;;2 eixos rodagem simples;2 eixos rodagem simples;RodoAnel Oeste;Rodoanel Mário Covas, KM 003+500, São Paulo - SP;-3,5;0;-3,5;;Não
af7c0011-d56a-42ae-97b8-ddadfe438f42;06/05/2026;17:13:06;06/05/2026 17:14;Pedágio;;;UGU6E48;Passeio;VOLKSWAGEN;POLO;"6790100008889452	";Tag;KIT 03;;2 eixos rodagem simples;2 eixos rodagem simples;EPR Litoral;BR-369, KM 001+400, Jacarezinho - PR;-12,16;0;-12,16;;Não
624a8ddd-f48e-4c24-bb46-b97de27c4a8e;06/05/2026;15:14:28;06/05/2026 17:28;Pedágio;;;UGU6E48;Passeio;VOLKSWAGEN;POLO;"6790100008889452	";Tag;KIT 03;;2 eixos rodagem simples;2 eixos rodagem simples;CART;Rodovia Engenheiro João Batista Cabral, KM 300+930, Santa Cruz do Rio Pardo - SP;-9,9;0;-9,9;;Não
c1ab76f7-1ccf-4a12-a0ea-4722b06dc266;06/05/2026;17:29:55;06/05/2026 17:31;Pedágio;;;UER7D08;Passeio;VOLKSWAGEN;POLO;"6790100008888934	";Tag;KIT 05;;2 eixos rodagem simples;2 eixos rodagem simples;SPMar;Rodoanel Mário Covas, KM 086+950, Ribeirão Pires - SP;-5,4;0;-5,4;;Não
3167443d-e513-4536-b504-58da75efca1b;06/05/2026;15:37:18;06/05/2026 17:39;Pedágio;;;UGU6E48;Passeio;VOLKSWAGEN;POLO;"6790100008889452	";Tag;KIT 03;;2 eixos rodagem simples;2 eixos rodagem simples;CART;Rodovia Orlando Quagliato, KM 014+500, Santa Cruz do Rio Pardo - SP;-10,3;0;-10,3;;Não
9b4126b3-a842-4c88-9f2b-f6a415e45e62;21/04/2026;00:49:44;06/05/2026 17:44;Pedágio;;;UGU6E48;Passeio;VOLKSWAGEN;POLO;"6790100008889452	";Tag;KIT 03;;2 eixos rodagem simples;2 eixos rodagem simples;RioSP;Rodovia Presidente Dutra, KM 086+950, Pindamonhangaba - SP;-14,23;0;-14,23;;Não
39cfe5d4-d902-43c0-b2ba-e78d5ab12923;21/04/2026;01:17:00;06/05/2026 17:44;Pedágio;;;UGU6E48;Passeio;VOLKSWAGEN;POLO;"6790100008889452	";Tag;KIT 03;;2 eixos rodagem simples;2 eixos rodagem simples;RioSP;Rodovia Presidente Dutra, KM 086+950, Pindamonhangaba - SP;-14,23;0;-14,23;;Não
aa3e49c3-9981-47cb-a9a8-e92472f9e2df;21/04/2026;02:27:27;06/05/2026 17:46;Pedágio;;;UGU6E48;Passeio;VOLKSWAGEN;POLO;"6790100008889452	";Tag;KIT 03;;2 eixos rodagem simples;2 eixos rodagem simples;RioSP;Rodovia Presidente Dutra, KM 165+200, Jacareí - SP;-6,36;0;-6,36;;Não
946eac8d-44b1-4b26-b736-070978eab2db;21/04/2026;07:06:53;06/05/2026 17:49;Pedágio;;;UGU6E48;Passeio;VOLKSWAGEN;POLO;"6790100008889452	";Tag;KIT 03;;2 eixos rodagem simples;2 eixos rodagem simples;RioSP;Rodovia Presidente Dutra, KM 231+008, São Paulo - SP;-1,65;0;-1,65;;Não
6782f2e0-95a8-42a4-8f63-0bfd3b822338;21/04/2026;07:06:52;06/05/2026 17:49;Pedágio;;;UER7D08;Passeio;VOLKSWAGEN;POLO;"6790100008888934	";Tag;KIT 05;;2 eixos rodagem simples;2 eixos rodagem simples;RioSP;Rodovia Presidente Dutra, KM 231+008, São Paulo - SP;-1,65;0;-1,65;;Não
269369a8-f9ce-495b-b671-d3cc22bfe49a;06/05/2026;17:52:24;06/05/2026 17:52;Pedágio;;;UER7D08;Passeio;VOLKSWAGEN;POLO;"6790100008888934	";Tag;KIT 05;;2 eixos rodagem simples;2 eixos rodagem simples;SPMar;Rodoanel Mario Covas, KM 127+485, Arujá - SP;-4,1;0;-4,1;;Não
f65d0a19-212b-4076-9404-809ca20a420e;21/04/2026;10:04:06;06/05/2026 17:56;Pedágio;;;UGU6E48;Passeio;VOLKSWAGEN;POLO;"6790100008889452	";Tag;KIT 03;;2 eixos rodagem simples;2 eixos rodagem simples;RioSP;Rodovia Presidente Dutra, KM 219+165, Guarulhos - SP;-6,58;0;-6,58;;Não
c945dea5-7504-49c3-8430-23aeefb69c22;06/05/2026;17:18:00;06/05/2026 18:15;Pedágio;;;UEB7H08;Passeio;VOLKSWAGEN;POLO;"6790100008889072	";Tag;KIT 05;;2 eixos rodagem simples;2 eixos rodagem simples;AutoBan;Rodovia dos Bandeirantes, KM 039+047, Franco da Rocha - SP;-13,7;0;-13,7;;Não
6756745d-ad64-48b3-a5fe-572e2387f28b;20/04/2026;20:12:44;06/05/2026 18:29;Pedágio;;;UGU6E48;Passeio;VOLKSWAGEN;POLO;"6790100008889452	";Tag;KIT 03;;2 eixos rodagem simples;2 eixos rodagem simples;RioSP;Rodovia Presidente Dutra, KM 165+200, Jacareí - SP;-7;0;-7;;Não
8a1d0f7c-3dab-48c8-a845-23d3024e1d21;20/04/2026;20:22:31;06/05/2026 18:30;Pedágio;;;UGU6E48;Passeio;VOLKSWAGEN;POLO;"6790100008889452	";Tag;KIT 03;;2 eixos rodagem simples;2 eixos rodagem simples;RioSP;Rodovia Presidente Dutra, KM 180+800, Guararema - SP;-3,98;0;-3,98;;Não
a15467a8-ea3d-410d-97ad-03da5462a368;20/04/2026;20:36:57;06/05/2026 18:31;Pedágio;;;UGU6E48;Passeio;VOLKSWAGEN;POLO;"6790100008889452	";Tag;KIT 03;;2 eixos rodagem simples;2 eixos rodagem simples;RioSP;Rodovia Presidente Dutra, KM 204+500, Arujá - SP;-3,98;0;-3,98;;Não
52e32838-9671-4e3b-a428-6ad8b098e59a;20/04/2026;23:28:17;06/05/2026 18:31;Pedágio;;;UGU6E48;Passeio;VOLKSWAGEN;POLO;"6790100008889452	";Tag;KIT 03;;2 eixos rodagem simples;2 eixos rodagem simples;RioSP;Rodovia Presidente Dutra, KM 204+500, Arujá - SP;-4,13;0;-4,13;;Não
ab47c738-640a-4135-942d-0053a5997c23;21/04/2026;00:01:20;06/05/2026 18:31;Pedágio;;;UGU6E48;Passeio;VOLKSWAGEN;POLO;"6790100008889452	";Tag;KIT 03;;2 eixos rodagem simples;2 eixos rodagem simples;RioSP;Rodovia Presidente Dutra, KM 165+200, Jacareí - SP;-6,36;0;-6,36;;Não
aaecf551-8038-4bc2-a59c-9370af2b9c99;20/04/2026;23:43:34;06/05/2026 18:32;Pedágio;;;UGU6E48;Passeio;VOLKSWAGEN;POLO;"6790100008889452	";Tag;KIT 03;;2 eixos rodagem simples;2 eixos rodagem simples;RioSP;Rodovia Presidente Dutra, KM 182+300, Santa Isabel - SP;-3,98;0;-3,98;;Não
973bf491-bd8a-482f-b8c0-4a3b3772b9e0;06/05/2026;18:40:11;06/05/2026 18:41;Pedágio;;;UGU6E48;Passeio;VOLKSWAGEN;POLO;"6790100008889452	";Tag;KIT 03;;2 eixos rodagem simples;2 eixos rodagem simples;EPR Litoral;BR-369, KM 001+400, Jacarezinho - PR;-10,65;0;-10,65;;Não
686eb3ec-eff6-462e-b43d-570000381f8e;21/04/2026;02:37:23;06/05/2026 19:05;Pedágio;;;UGU6E48;Passeio;VOLKSWAGEN;POLO;"6790100008889452	";Tag;KIT 03;;2 eixos rodagem simples;2 eixos rodagem simples;RioSP;Rodovia Presidente Dutra, KM 180+800, Guararema - SP;-3,71;0;-3,71;;Não
49b32bad-3600-4e1f-bc45-c0e30d0b9029;21/04/2026;02:51:29;06/05/2026 19:06;Pedágio;;;UGU6E48;Passeio;VOLKSWAGEN;POLO;"6790100008889452	";Tag;KIT 03;;2 eixos rodagem simples;2 eixos rodagem simples;RioSP;Rodovia Presidente Dutra, KM 204+500, Arujá - SP;-3,84;0;-3,84;;Não
f2e479d9-5839-4970-a406-afb452a8b6cd;06/05/2026;19:38:53;06/05/2026 19:40;Pedágio;;;UEB7H08;Passeio;VOLKSWAGEN;POLO;"6790100008889072	";Tag;KIT 05;;2 eixos rodagem simples;2 eixos rodagem simples;Rota das Bandeiras;Rodovia Engenheiro Constâncio Cintra, KM 077+100, Itatiba - SP;-6,1;0;-6,1;;Não
564489aa-fc9f-4c1c-a322-84bcf3317b4b;06/05/2026;20:07:21;06/05/2026 20:08;Pedágio;;;UEB7H08;Passeio;VOLKSWAGEN;POLO;"6790100008889072	";Tag;KIT 05;;2 eixos rodagem simples;2 eixos rodagem simples;Rota das Bandeiras;Rodovia Dom Pedro I, KM 079+900, Atibaia - SP;-10,6;0;-10,6;;Não
e7b78ae4-5500-4450-84c4-171fc1a15678;06/05/2026;20:16:04;06/05/2026 20:16;Pedágio;;;UER7D08;Passeio;VOLKSWAGEN;POLO;"6790100008888934	";Tag;KIT 05;;2 eixos rodagem simples;2 eixos rodagem simples;Ecovias Leste Paulista;Rodovia Ayrton Senna da Silva, KM 032+900, Itaquaquecetuba - SP;-5,7;0;-5,7;;Não
c63a3b02-2881-4288-ab7c-0b2fcec6e7bd;06/05/2026;20:45:53;06/05/2026 20:46;Pedágio;;;UEB7H08;Passeio;VOLKSWAGEN;POLO;"6790100008889072	";Tag;KIT 05;;2 eixos rodagem simples;2 eixos rodagem simples;Rota das Bandeiras;Rodovia Dom Pedro I, KM 026+500, Igaratá - SP;-13,3;0;-13,3;;Não
3f59f6f0-5895-4d2c-be33-137be72e9693;06/05/2026;20:51:47;06/05/2026 20:52;Pedágio;;;UER7D08;Passeio;VOLKSWAGEN;POLO;"6790100008888934	";Tag;KIT 05;;2 eixos rodagem simples;2 eixos rodagem simples;SPMar;Rodoanel Mário Covas, KM 086+950, Ribeirão Pires - SP;-4,1;0;-4,1;;Não
2c648c55-e0cb-416b-8f8a-7ba844260515;06/05/2026;21:02:46;06/05/2026 21:02;Pedágio;;;UER7D08;Passeio;VOLKSWAGEN;POLO;"6790100008888934	";Tag;KIT 05;;2 eixos rodagem simples;2 eixos rodagem simples;SPMar;Rodoanel Mario Covas, KM 075+500, São Bernardo do Campo - SP;-5,4;0;-5,4;;Não
4e755100-763d-451d-946f-a13f58932cd0;06/05/2026;22:18:38;06/05/2026 22:20;Pedágio;;;UGU6E48;Passeio;VOLKSWAGEN;POLO;"6790100008889452	";Tag;KIT 03;;2 eixos rodagem simples;2 eixos rodagem simples;EPR Litoral;PR-151, KM 304+250, Carambeí - PR;-11,5;0;-11,5;;Não
5ab2bf63-a9e1-419e-a877-66a5e1201046;06/05/2026;18:23:15;06/05/2026 23:06;Pedágio;;;UER7D08;Passeio;VOLKSWAGEN;POLO;"6790100008888934	";Tag;KIT 05;;2 eixos rodagem simples;2 eixos rodagem simples;RioSP;Rodovia Presidente Dutra, KM 211+046, Guarulhos - SP;-1,46;0;-1,46;;Não
38490ddb-d78c-4f97-8b0a-7564a1cf7331;06/05/2026;23:40:19;06/05/2026 23:41;Pedágio;;;UGU6E48;Passeio;VOLKSWAGEN;POLO;"6790100008889452	";Tag;KIT 03;;2 eixos rodagem simples;2 eixos rodagem simples;Via Araucária;BR-277, KM 140+000, São Luiz do Purunã - PR;-8,84;0;-8,84;;Não
2eca9d5d-4afc-4b7d-8226-1e6e7b16ce00;06/05/2026;21:24:40;06/05/2026 23:45;Pedágio;;;UEB7H08;Passeio;VOLKSWAGEN;POLO;"6790100008889072	";Tag;KIT 05;;2 eixos rodagem simples;2 eixos rodagem simples;RioSP;Rodovia Presidente Dutra, KM 165+200, Jacareí - SP;-7,7;0;-7,7;;Não
782be072-f173-44be-8c05-e55962037c94;06/05/2026;22:53:59;06/05/2026 23:46;Pedágio;;;UEB7H08;Passeio;VOLKSWAGEN;POLO;"6790100008889072	";Tag;KIT 05;;2 eixos rodagem simples;2 eixos rodagem simples;RioSP;Rodovia Presidente Dutra, KM 180+800, Guararema - SP;-4,28;0;-4,28;;Não
d101834c-0666-4e3b-9fe8-baba1aa796c2;06/05/2026;23:26:21;06/05/2026 23:54;Pedágio;;;UGU6E48;Passeio;VOLKSWAGEN;POLO;"6790100008889452	";Tag;KIT 03;;2 eixos rodagem simples;2 eixos rodagem simples;PRVias;BR-376, KM 529+085, Witmarsum - SC;-11,4;0;-11,4;;Não
aa37dd07-de9b-4d23-8b51-0d049909164e;06/05/2026;23:45:14;07/05/2026 00:28;Pedágio;;;UEB7H08;Passeio;VOLKSWAGEN;POLO;"6790100008889072	";Tag;KIT 05;;2 eixos rodagem simples;2 eixos rodagem simples;RioSP;Rodovia Presidente Dutra, KM 204+500, Arujá - SP;-4,28;0;-4,28;;Não
2b8244eb-3e35-4934-bb1f-32d9349b3605;06/05/2026;22:43:21;07/05/2026 01:04;Pedágio;;;UEB7H08;Passeio;VOLKSWAGEN;POLO;"6790100008889072	";Tag;KIT 05;;2 eixos rodagem simples;2 eixos rodagem simples;RioSP;Rodovia Presidente Dutra, KM 165+200, Jacareí - SP;-7,7;0;-7,7;;Não
47e9d804-9a12-45aa-b5fc-4be65d2dd016;07/05/2026;01:33:24;07/05/2026 01:33;Pedágio;;;UGU6E48;Passeio;VOLKSWAGEN;POLO;"6790100008889452	";Tag;KIT 03;;2 eixos rodagem simples;2 eixos rodagem simples;Autopista Litoral Sul;BR-376, KM 635+400, São José dos Pinhais - PR;-5,7;0;-5,7;;Não
89efbcdf-ab07-4991-a80c-1de3799d230c;07/05/2026;02:07:37;07/05/2026 02:10;Pedágio;;;UGU6E48;Passeio;VOLKSWAGEN;POLO;"6790100008889452	";Tag;KIT 03;;2 eixos rodagem simples;2 eixos rodagem simples;Autopista Litoral Sul;BR-101, KM 001+300, Garuva - SC;-5,7;0;-5,7;;Não
87c7a42c-6e31-4086-b5db-4e8bd0afc9ca;07/05/2026;03:00:09;07/05/2026 03:01;Pedágio;;;UGU6E48;Passeio;VOLKSWAGEN;POLO;"6790100008889452	";Tag;KIT 03;;2 eixos rodagem simples;2 eixos rodagem simples;Autopista Litoral Sul;BR-101, KM 079+400, Araquari - SC;-5,7;0;-5,7;;Não
798895ab-b0c2-4dca-b7da-c9184dac38e1;07/05/2026;03:54:07;07/05/2026 03:54;Pedágio;;;UGU6E48;Passeio;VOLKSWAGEN;POLO;"6790100008889452	";Tag;KIT 03;;2 eixos rodagem simples;2 eixos rodagem simples;Autopista Litoral Sul;BR-101, KM 157+400, Porto Belo - SC;-5,7;0;-5,7;;Não
2ffc6e68-c4c0-43e3-9200-de052ac40940;07/05/2026;06:13:56;07/05/2026 06:14;Pedágio;;;UEB7H08;Passeio;VOLKSWAGEN;POLO;"6790100008889072	";Tag;KIT 05;;2 eixos rodagem simples;2 eixos rodagem simples;Ecovias Imigrantes;Rodovia dos Imigrantes, KM 032+381, São Bernardo do Campo - SP;-38,7;0;-38,7;;Não
9f2cd41c-7b96-40be-adcc-b80bd15b0e27;07/05/2026;07:05:56;07/05/2026 07:06;Pedágio;;;UER7D08;Passeio;VOLKSWAGEN;POLO;"6790100008888934	";Tag;KIT 05;;2 eixos rodagem simples;2 eixos rodagem simples;AutoBan;Rodovia dos Bandeirantes, KM 039+047, Franco da Rocha - SP;-13,7;0;-13,7;;Não
130ad9b4-9ca8-4958-8b46-ba3a85c7aa55;07/05/2026;07:33:48;07/05/2026 07:34;Pedágio;;;UER7D08;Passeio;VOLKSWAGEN;POLO;"6790100008888934	";Tag;KIT 05;;2 eixos rodagem simples;2 eixos rodagem simples;AutoBan;Rodovia dos Bandeirantes, KM 077+430, Itupeva - SP;-13,6;0;-13,6;;Não
085b235a-8f59-4081-9b41-e228afb8f53e;07/05/2026;08:22:09;07/05/2026 08:23;Pedágio;;;UGU6E48;Passeio;VOLKSWAGEN;POLO;"6790100008889452	";Tag;KIT 03;;2 eixos rodagem simples;2 eixos rodagem simples;Autopista Litoral Sul;BR-101, KM 219+800, Palhoça - SC;-5,7;0;-5,7;;Não
0211650d-8927-499a-b3ae-5145ea6c9b1a;07/05/2026;08:53:47;07/05/2026 08:54;Pedágio;;;UER7D08;Passeio;VOLKSWAGEN;POLO;"6790100008888934	";Tag;KIT 05;;2 eixos rodagem simples;2 eixos rodagem simples;AutoBan;Rodovia dos Bandeirantes, KM 077+430, Itupeva - SP;-13,6;0;-13,6;;Não
16273478-9209-4776-9edb-71d6f49f9fe9;21/04/2026;10:48:58;07/05/2026 09:09;Pedágio;;;UGU6E48;Passeio;VOLKSWAGEN;POLO;"6790100008889452	";Tag;KIT 03;;2 eixos rodagem simples;2 eixos rodagem simples;RodoAnel Oeste;Rodoanel Mário Covas, KM 025+360, Cotia - SP;-3,5;0;-3,5;;Não
1151aa94-5dc9-4e5f-8e8d-d8bde39b191f;07/05/2026;09:21:53;07/05/2026 09:22;Pedágio;;;UER7D08;Passeio;VOLKSWAGEN;POLO;"6790100008888934	";Tag;KIT 05;;2 eixos rodagem simples;2 eixos rodagem simples;AutoBan;Rodovia dos Bandeirantes, KM 036+200, Caieiras - SP;-13,7;0;-13,7;;Não
fc4280a2-db83-4c53-817f-5959547bbcc6;07/05/2026;08:54:42;07/05/2026 09:37;Pedágio;;;UGU6E48;Passeio;VOLKSWAGEN;POLO;"6790100008889452	";Tag;KIT 03;;2 eixos rodagem simples;2 eixos rodagem simples;ViaCosteira;BR-101, KM 298+660, Laguna - SC;-3;0;-3;;Não
f705179f-ecfc-41af-b98d-64bc587a16ec;07/05/2026;09:21:50;07/05/2026 09:50;Pedágio;;;UGU6E48;Passeio;VOLKSWAGEN;POLO;"6790100008889452	";Tag;KIT 03;;2 eixos rodagem simples;2 eixos rodagem simples;ViaCosteira;BR-101, KM 344+700, Tubarão - SC;-3;0;-3;;Não
3a1b773b-125d-4bb9-b652-444da473eaff;07/05/2026;10:13:18;07/05/2026 10:57;Pedágio;;;UGU6E48;Passeio;VOLKSWAGEN;POLO;"6790100008889452	";Tag;KIT 03;;2 eixos rodagem simples;2 eixos rodagem simples;ViaCosteira;BR-101, KM 404+550, Araranguá - SC;-3;0;-3;;Não
57db7f8e-6b4b-4ce1-8f97-f9dacd1649bb;07/05/2026;10:45:10;07/05/2026 11:08;Pedágio;;;UGU6E48;Passeio;VOLKSWAGEN;POLO;"6790100008889452	";Tag;KIT 03;;2 eixos rodagem simples;2 eixos rodagem simples;ViaCosteira;BR-101, KM 457+530, São João do Sul - SC;-3;0;-3;;Não
29747ebc-2c7d-4e2d-a8f0-6a417343fbc7;07/05/2026;10:06:00;07/05/2026 12:58;Pedágio;;;UER7D08;Passeio;VOLKSWAGEN;POLO;"6790100008888934	";Tag;KIT 05;;2 eixos rodagem simples;2 eixos rodagem simples;RioSP;Rodovia Presidente Dutra, KM 231+008, São Paulo - SP;-2,5;0;-2,5;;Não
345635d6-1c20-4bef-9be7-f794ac0f8553;07/05/2026;11:13:03;07/05/2026 13:20;Pedágio;;;UGU6E48;Passeio;VOLKSWAGEN;POLO;"6790100008889452	";Tag;KIT 03;;2 eixos rodagem simples;2 eixos rodagem simples;ViaSul;BR-101, KM 035+300, Três Cachoeiras - RS;-5,5;0;-5,5;;Não
d41f733a-dba8-4275-beb4-f38323093156;07/05/2026;11:54:56;07/05/2026 13:22;Pedágio;;;UGU6E48;Passeio;VOLKSWAGEN;POLO;"6790100008889452	";Tag;KIT 03;;2 eixos rodagem simples;2 eixos rodagem simples;ViaSul;BR-290, KM 019+400, Santo Antônio da Patrulha - RS;-5,5;0;-5,5;;Não
6447c86d-3110-4121-8c94-897c4450cd94;07/05/2026;12:16:37;07/05/2026 13:25;Pedágio;;;UGU6E48;Passeio;VOLKSWAGEN;POLO;"6790100008889452	";Tag;KIT 03;;2 eixos rodagem simples;2 eixos rodagem simples;ViaSul;BR-290, KM 060+000, Gravataí - RS;-5,5;0;-5,5;;Não
81cbecf5-257c-448d-a7dc-519a48f34c1b;07/05/2026;14:03:15;07/05/2026 14:05;Pedágio;;;UER7D08;Passeio;VOLKSWAGEN;POLO;"6790100008888934	";Tag;KIT 05;;2 eixos rodagem simples;2 eixos rodagem simples;Ecovias Raposo Castello;SP-280, KM 018+000, Osasco - SP;-3,99;0;-3,99;;Não
75b51e49-7baa-4f32-b7be-ae259259c84c;07/05/2026;15:16:49;07/05/2026 15:17;Pedágio;;;UER7D08;Passeio;VOLKSWAGEN;POLO;"6790100008888934	";Tag;KIT 05;;2 eixos rodagem simples;2 eixos rodagem simples;AutoBan;Rodovia Anhanguera, KM 026+495, São Paulo - SP;-13,7;0;-13,7;;Não
78a71152-bf6b-4b0b-8b64-7504e8989382;07/05/2026;13:22:15;07/05/2026 16:18;Pedágio;;;UER7D08;Passeio;VOLKSWAGEN;POLO;"6790100008888934	";Tag;KIT 05;;2 eixos rodagem simples;2 eixos rodagem simples;RioSP;Rodovia Presidente Dutra, KM 219+165, Guarulhos - SP;-4,28;0;-4,28;;Não
952d0165-2472-4c30-a8f1-9ca4b2d0dd13;07/05/2026;19:58:57;07/05/2026 20:00;Pedágio;;;UEB7H08;Passeio;VOLKSWAGEN;POLO;"6790100008889072	";Tag;KIT 05;;2 eixos rodagem simples;2 eixos rodagem simples;Ecovias Raposo Castello;SP-280, KM 018+000, Osasco - SP;-3,99;0;-3,99;;Não
0f5810e6-2b2a-4d00-9403-3f78a75836b5;07/05/2026;16:59:55;07/05/2026 20:23;Pedágio;;;UER7D08;Passeio;VOLKSWAGEN;POLO;"6790100008888934	";Tag;KIT 05;;2 eixos rodagem simples;2 eixos rodagem simples;RioSP;Rodovia Presidente Dutra, KM 223+015, Guarulhos - SP;-0,59;0;-0,59;;Não
9a45649f-c613-41fa-bf53-228035157b48;07/05/2026;20:24:10;07/05/2026 20:24;Pedágio;;;UGU6E48;Passeio;VOLKSWAGEN;POLO;"6790100008889452	";Tag;KIT 03;;2 eixos rodagem simples;2 eixos rodagem simples;Rota de Santa Maria;RSC-287 , KM 047+850, Taquari - RS;-5,4;0;-5,4;;Não
f329d12d-10b5-4f00-bb11-8767c5646fb0;07/05/2026;19:42:18;07/05/2026 20:25;Pedágio;;;UGU6E48;Passeio;VOLKSWAGEN;POLO;"6790100008889452	";Tag;KIT 03;;2 eixos rodagem simples;2 eixos rodagem simples;ViaSul;BR-386 , KM 426+000, Montenegro - RS;-5,5;0;-5,5;;Não
507dde58-ab5c-435c-971b-ba59725361f8;07/05/2026;20:53:59;07/05/2026 20:54;Pedágio;;;UGU6E48;Passeio;VOLKSWAGEN;POLO;"6790100008889452	";Tag;KIT 03;;2 eixos rodagem simples;2 eixos rodagem simples;Rota de Santa Maria;RSC-287, KM 086+600, Venâncio Aires - RS;-5,4;0;-5,4;;Não
9587573d-3d36-4522-823a-67d4313d355d;07/05/2026;21:14:45;07/05/2026 21:15;Pedágio;;;UEB7H08;Passeio;VOLKSWAGEN;POLO;"6790100008889072	";Tag;KIT 05;;2 eixos rodagem simples;2 eixos rodagem simples;Ecovias Raposo Castello;SP-280, KM 020+000, Barueri - SP;-3,99;0;-3,99;;Não
edff62c3-8a99-470d-9104-3d27a013c175;07/05/2026;21:26:03;07/05/2026 21:26;Pedágio;;;UGU6E48;Passeio;VOLKSWAGEN;POLO;"6790100008889452	";Tag;KIT 03;;2 eixos rodagem simples;2 eixos rodagem simples;Rota de Santa Maria;RSC-287, KM 131+300, Candelária - RS;-5,4;0;-5,4;;Não
b2795de5-0056-463a-a675-357fe1126ea5;07/05/2026;21:41:16;07/05/2026 21:41;Pedágio;;;UEB7H08;Passeio;VOLKSWAGEN;POLO;"6790100008889072	";Tag;KIT 05;;2 eixos rodagem simples;2 eixos rodagem simples;Ecovias Raposo Castello;SP-280, KM 020+000, Barueri - SP;-3,99;0;-3,99;;Não
52af6689-d14d-44e0-9fdc-b9aa4c1bcd22;07/05/2026;21:49:17;07/05/2026 21:49;Pedágio;;;UEB7H08;Passeio;VOLKSWAGEN;POLO;"6790100008889072	";Tag;KIT 05;;2 eixos rodagem simples;2 eixos rodagem simples;RodoAnel Oeste;Rodoanel Mário Covas, KM 006+790, São Paulo - SP;-3,5;0;-3,5;;Não
f11dd6d8-1163-4239-bc95-0f9eed795d7d;07/05/2026;21:50:57;07/05/2026 21:51;Pedágio;;;UEB7H08;Passeio;VOLKSWAGEN;POLO;"6790100008889072	";Tag;KIT 05;;2 eixos rodagem simples;2 eixos rodagem simples;AutoBan;Rodovia Anhanguera, KM 026+495, São Paulo - SP;-13,7;0;-13,7;;Não
243e7ba4-71b4-4712-a3ea-1a2e6878602d;07/05/2026;21:58:18;07/05/2026 21:58;Pedágio;;;UGU6E48;Passeio;VOLKSWAGEN;POLO;"6790100008889452	";Tag;KIT 03;;2 eixos rodagem simples;2 eixos rodagem simples;Rota de Santa Maria;RSC-287, KM 168+750, Paraíso do Sul - RS;-5,4;0;-5,4;;Não
ececfc32-68c7-47ec-a54d-7d5dca2dc3cc;07/05/2026;22:23:24;07/05/2026 22:23;Pedágio;;;UEB7H08;Passeio;VOLKSWAGEN;POLO;"6790100008889072	";Tag;KIT 05;;2 eixos rodagem simples;2 eixos rodagem simples;AutoBan;Rodovia Anhanguera, KM 026+495, São Paulo - SP;-13,7;0;-13,7;;Não
5691eccd-3417-4f5b-83d9-379ed3fb7490;07/05/2026;22:36:39;07/05/2026 22:36;Pedágio;;;UGU6E48;Passeio;VOLKSWAGEN;POLO;"6790100008889452	";Tag;KIT 03;;2 eixos rodagem simples;2 eixos rodagem simples;Rota de Santa Maria;RSC-287, KM 220+872, Santa Maria - RS;-5,4;0;-5,4;;Não
df18f0ee-c133-4ca2-9042-7b56204f349b;08/05/2026;05:23:52;08/05/2026 05:24;Pedágio;;;UER7D08;Passeio;VOLKSWAGEN;POLO;"6790100008888934	";Tag;KIT 05;;2 eixos rodagem simples;2 eixos rodagem simples;AutoBan;Rodovia Anhanguera, KM 026+495, São Paulo - SP;-13,7;0;-13,7;;Não
3fecc8b1-07d0-4de0-bc0d-56d5c1edc40f;08/05/2026;05:48:33;08/05/2026 05:50;Pedágio;;;UEB7H08;Passeio;VOLKSWAGEN;POLO;"6790100008889072	";Tag;KIT 05;;2 eixos rodagem simples;2 eixos rodagem simples;Ecovias Raposo Castello;SP-280, KM 018+000, Osasco - SP;-3,99;0;-3,99;;Não
1d255eab-c84c-4dca-9af4-c475c4448a95;08/05/2026;14:12:22;08/05/2026 14:16;Pedágio;;;UER7D08;Passeio;VOLKSWAGEN;POLO;"6790100008888934	";Tag;KIT 05;;2 eixos rodagem simples;2 eixos rodagem simples;AutoBan;Rodovia dos Bandeirantes, KM 036+200, Caieiras - SP;-13,7;0;-13,7;;Não
f73bdd3f-5d71-4ea4-aef7-6cd425b32563;08/05/2026;14:32:20;08/05/2026 14:33;Pedágio;;;UER7D08;Passeio;VOLKSWAGEN;POLO;"6790100008888934	";Tag;KIT 05;;2 eixos rodagem simples;2 eixos rodagem simples;RodoAnel Oeste;Rodoanel Mário Covas, KM 014+290, Barueri - SP;-3,5;0;-3,5;;Não
e53fd9fc-147f-4cf0-b144-72ea4b090b82;08/05/2026;15:50:08;08/05/2026 15:50;Pedágio;;;UER7D08;Passeio;VOLKSWAGEN;POLO;"6790100008888934	";Tag;KIT 05;;2 eixos rodagem simples;2 eixos rodagem simples;Ecovias Raposo Castello;SP-280, KM 020+000, Barueri - SP;-3,99;0;-3,99;;Não
947ba42d-4698-479f-bbc1-e1cfe910f381;08/05/2026;16:01:06;08/05/2026 16:03;Pedágio;;;UER7D08;Passeio;VOLKSWAGEN;POLO;"6790100008888934	";Tag;KIT 05;;2 eixos rodagem simples;2 eixos rodagem simples;RodoAnel Oeste;Rodoanel Mário Covas, KM 000+360, São Paulo - SP;-3,5;0;-3,5;;Não
f690dbed-2dd0-43a4-8fc3-97de054b10d2;08/05/2026;17:05:42;08/05/2026 17:09;Pedágio;;;UEB7H08;Passeio;VOLKSWAGEN;POLO;"6790100008889072	";Tag;KIT 05;;2 eixos rodagem simples;2 eixos rodagem simples;Rota das Bandeiras;Rodovia Engenheiro Constâncio Cintra, KM 077+100, Itatiba - SP;-6,1;0;-6,1;;Não
6f9a4f75-dbb6-4614-91ac-a5d23ecfc6f2;08/05/2026;18:21:20;08/05/2026 18:23;Pedágio;;;UEB7H08;Passeio;VOLKSWAGEN;POLO;"6790100008889072	";Tag;KIT 05;;2 eixos rodagem simples;2 eixos rodagem simples;Rota das Bandeiras;Rodovia Dom Pedro I, KM 026+500, Igaratá - SP;-13,3;0;-13,3;;Não
ada9ceef-11ca-48a3-922b-3137fd7bef86;08/05/2026;20:44:22;08/05/2026 21:33;Pedágio;;;UEB7H08;Passeio;VOLKSWAGEN;POLO;"6790100008889072	";Tag;KIT 05;;2 eixos rodagem simples;2 eixos rodagem simples;RioSP;Rodovia Presidente Dutra, KM 180+800, Guararema - SP;-3,98;0;-3,98;;Não
f379e119-b405-42f2-b48a-1df50c2860ea;08/05/2026;18:52:04;09/05/2026 00:35;Pedágio;;;UEB7H08;Passeio;VOLKSWAGEN;POLO;"6790100008889072	";Tag;KIT 05;;2 eixos rodagem simples;2 eixos rodagem simples;RioSP;Rodovia Presidente Dutra, KM 165+200, Jacareí - SP;-7;0;-7;;Não
623babeb-5984-472b-9052-ea9b7fde65d7;08/05/2026;20:33:59;09/05/2026 01:55;Pedágio;;;UEB7H08;Passeio;VOLKSWAGEN;POLO;"6790100008889072	";Tag;KIT 05;;2 eixos rodagem simples;2 eixos rodagem simples;RioSP;Rodovia Presidente Dutra, KM 165+200, Jacareí - SP;-7;0;-7;;Não
aca0da0a-b7ef-41ef-a01b-e504b8e9d96f;08/05/2026;21:00:20;09/05/2026 03:24;Pedágio;;;UEB7H08;Passeio;VOLKSWAGEN;POLO;"6790100008889072	";Tag;KIT 05;;2 eixos rodagem simples;2 eixos rodagem simples;RioSP;Rodovia Presidente Dutra, KM 204+500, Arujá - SP;-4,13;0;-4,13;;Não
118dbdc9-dfa0-439b-9f3c-1dacc4afadc0;09/05/2026;09:31:45;09/05/2026 09:32;Pedágio;;;UGU6E48;Passeio;VOLKSWAGEN;POLO;"6790100008889452	";Tag;KIT 03;;2 eixos rodagem simples;2 eixos rodagem simples;Caminhos da Serra Gaúcha;ERS-122, KM 108+000, Antônio Prado - RS;-8,74;0;-8,74;;Não
43b40248-e0fc-4daf-929c-a816a5140be7;09/05/2026;10:31:01;09/05/2026 10:32;Pedágio;;;UGU6E48;Passeio;VOLKSWAGEN;POLO;"6790100008889452	";Tag;KIT 03;;2 eixos rodagem simples;2 eixos rodagem simples;Caminhos da Serra Gaúcha;ERS-122, KM 152+000, Ipê - RS;-8,84;0;-8,84;;Não
ab8ff1f1-8a41-4e00-a1bd-04776e29426e;09/05/2026;12:43:55;09/05/2026 12:44;Pedágio;;;UGU6E48;Passeio;VOLKSWAGEN;POLO;"6790100008889452	";Tag;KIT 03;;2 eixos rodagem simples;2 eixos rodagem simples;Autopista Planalto Sul;BR-116, KM 235+000, Correia Pinto - SC;-8,7;0;-8,7;;Não
4a5987c2-f805-4b69-988f-46bf2df9417c;09/05/2026;14:05:06;09/05/2026 14:25;Pedágio;;;UGU6E48;Passeio;VOLKSWAGEN;POLO;"6790100008889452	";Tag;KIT 03;;2 eixos rodagem simples;2 eixos rodagem simples;Autopista Planalto Sul;BR-116, KM 152+000, Santa Cecília - SC;-8,7;0;-8,7;;Não
7840b897-4892-4f51-b78e-78b19bab772b;09/05/2026;19:01:32;09/05/2026 19:01;Pedágio;;;UGU6E48;Passeio;VOLKSWAGEN;POLO;"6790100008889452	";Tag;KIT 03;;2 eixos rodagem simples;2 eixos rodagem simples;Autopista Régis Bittencourt;Rodovia Régis Bittencourt, KM 056+000, Campina Grande do Sul - PR;-4,3;0;-4,3;;Não
6bd34a0f-efe1-476a-a741-8213799936d8;09/05/2026;20:03:04;09/05/2026 20:08;Pedágio;;;UGU6E48;Passeio;VOLKSWAGEN;POLO;"6790100008889452	";Tag;KIT 03;;2 eixos rodagem simples;2 eixos rodagem simples;Autopista Régis Bittencourt;Rodovia Régis Bittencourt, KM 542+000, Barra do Turvo - SP;-4,3;0;-4,3;;Não
105fb38a-167e-4e59-b5b7-3be96c85f99d;09/05/2026;22:08:25;09/05/2026 22:08;Pedágio;;;UGU6E48;Passeio;VOLKSWAGEN;POLO;"6790100008889452	";Tag;KIT 03;;2 eixos rodagem simples;2 eixos rodagem simples;Autopista Régis Bittencourt;Rodovia Régis Bittencourt, KM 370+300, Miracatu - SP;-4,3;0;-4,3;;Não
a0491a5d-edd9-426f-8204-ac9cc3813a39;09/05/2026;23:03:25;09/05/2026 23:05;Pedágio;;;UGU6E48;Passeio;VOLKSWAGEN;POLO;"6790100008889452	";Tag;KIT 03;;2 eixos rodagem simples;2 eixos rodagem simples;Autopista Régis Bittencourt;Rodovia Régis Bittencourt, KM 298+000, Itapecerica da Serra - SP;-4,3;0;-4,3;;Não
fe44ed1e-7f86-4eb3-80d0-156c8a556d8c;09/05/2026;23:19:16;09/05/2026 23:19;Pedágio;;;UGU6E48;Passeio;VOLKSWAGEN;POLO;"6790100008889452	";Tag;KIT 03;;2 eixos rodagem simples;2 eixos rodagem simples;RodoAnel Oeste;Rodoanel Mário Covas, KM 015+610, Barueri - SP;-3,5;0;-3,5;;Não
10e32ab0-39f3-4337-876b-82b7dd2c0a4b;11/05/2026;00:25:37;11/05/2026 00:28;Pedágio;;;UER7D08;Passeio;VOLKSWAGEN;POLO;"6790100008888934	";Tag;KIT 05;;2 eixos rodagem simples;2 eixos rodagem simples;Ecovias Raposo Castello;SP-280, KM 018+000, Osasco - SP;-3,99;0;-3,99;;Não
70fdef66-c57e-41d4-994d-f2417245d9bc;11/05/2026;01:49:33;11/05/2026 01:50;Pedágio;;;UER7D08;Passeio;VOLKSWAGEN;POLO;"6790100008888934	";Tag;KIT 05;;2 eixos rodagem simples;2 eixos rodagem simples;Ecovias Raposo Castello;SP-280, KM 020+000, Barueri - SP;-3,99;0;-3,99;;Não
2d152335-97f8-4a0e-8831-d4f9ea8ae044;11/05/2026;01:59:21;11/05/2026 01:59;Pedágio;;;UER7D08;Passeio;VOLKSWAGEN;POLO;"6790100008888934	";Tag;KIT 05;;2 eixos rodagem simples;2 eixos rodagem simples;RodoAnel Oeste;Rodoanel Mário Covas, KM 025+360, Cotia - SP;-3,5;0;-3,5;;Não
689178f8-222a-481b-a8c3-d5571cb07456;11/05/2026;02:20:16;11/05/2026 02:29;Pedágio;;;UER7D08;Passeio;VOLKSWAGEN;POLO;"6790100008888934	";Tag;KIT 05;;2 eixos rodagem simples;2 eixos rodagem simples;Autopista Régis Bittencourt;Rodovia Régis Bittencourt, KM 298+000, São Lourenço da Serra - SP;-4,3;0;-4,3;;Não
e11bfc76-37d0-4d80-929b-d695dba80ae5;11/05/2026;03:17:54;11/05/2026 03:18;Pedágio;;;UER7D08;Passeio;VOLKSWAGEN;POLO;"6790100008888934	";Tag;KIT 05;;2 eixos rodagem simples;2 eixos rodagem simples;Autopista Régis Bittencourt;Rodovia Régis Bittencourt, KM 370+300, Miracatu - SP;-4,3;0;-4,3;;Não
792efe1f-3e66-4392-a690-d3ccf76b1cfa;11/05/2026;04:01:20;11/05/2026 04:02;Pedágio;;;UER7D08;Passeio;VOLKSWAGEN;POLO;"6790100008888934	";Tag;KIT 05;;2 eixos rodagem simples;2 eixos rodagem simples;Autopista Régis Bittencourt;Rodovia Régis Bittencourt, KM 426+000, Juquiá - SP;-4,3;0;-4,3;;Não
a34ba965-ee07-4035-8f1d-e87463e427fb;11/05/2026;04:54:58;11/05/2026 04:55;Pedágio;;;UER7D08;Passeio;VOLKSWAGEN;POLO;"6790100008888934	";Tag;KIT 05;;2 eixos rodagem simples;2 eixos rodagem simples;Autopista Régis Bittencourt;Rodovia Régis Bittencourt, KM 426+000, Juquiá - SP;-4,3;0;-4,3;;Não
90b9c2d7-64ff-400e-944f-4502768b15b8;11/05/2026;05:27:22;11/05/2026 05:27;Pedágio;;;UER7D08;Passeio;VOLKSWAGEN;POLO;"6790100008888934	";Tag;KIT 05;;2 eixos rodagem simples;2 eixos rodagem simples;Autopista Régis Bittencourt;Rodovia Régis Bittencourt, KM 370+300, Miracatu - SP;-4,3;0;-4,3;;Não
b57313fb-0848-47b4-99d5-a2f133a54ee7;11/05/2026;06:13:42;11/05/2026 06:16;Pedágio;;;UER7D08;Passeio;VOLKSWAGEN;POLO;"6790100008888934	";Tag;KIT 05;;2 eixos rodagem simples;2 eixos rodagem simples;Autopista Régis Bittencourt;Rodovia Régis Bittencourt, KM 298+000, Itapecerica da Serra - SP;-4,3;0;-4,3;;Não
c30abac9-8a47-452d-8856-b84d73097ff3;11/05/2026;07:02:26;11/05/2026 07:03;Pedágio;;;UER7D08;Passeio;VOLKSWAGEN;POLO;"6790100008888934	";Tag;KIT 05;;2 eixos rodagem simples;2 eixos rodagem simples;RodoAnel Oeste;Rodoanel Mário Covas, KM 003+500, São Paulo - SP;-3,5;0;-3,5;;Não
396e9dd8-b744-4975-ab01-d0c8eaa7fdbd;11/05/2026;07:11:58;11/05/2026 07:12;Pedágio;;;UER7D08;Passeio;VOLKSWAGEN;POLO;"6790100008888934	";Tag;KIT 05;;2 eixos rodagem simples;2 eixos rodagem simples;AutoBan;Rodovia dos Bandeirantes, KM 039+047, Franco da Rocha - SP;-13,7;0;-13,7;;Não
2df09259-5fb6-4307-84f8-317a4abb8d1d;11/05/2026;07:31:28;11/05/2026 07:33;Pedágio;;;UER7D08;Passeio;VOLKSWAGEN;POLO;"6790100008888934	";Tag;KIT 05;;2 eixos rodagem simples;2 eixos rodagem simples;AutoBan;Rodovia dos Bandeirantes, KM 077+430, Itupeva - SP;-13,6;0;-13,6;;Não
814446ed-0c6d-4c33-83db-29fc9d6acbe5;08/05/2026;17:41:23;11/05/2026 10:51;Pedágio;;;UEB7H08;Passeio;VOLKSWAGEN;POLO;"6790100008889072	";Tag;KIT 05;;2 eixos rodagem simples;2 eixos rodagem simples;Rota das Bandeiras;Rodovia Dom Pedro I, KM 079+900, Atibaia - SP;-10,6;0;-10,6;;Não
5b8212d1-8115-4792-98e2-b20d83c7a272;11/05/2026;11:17:35;11/05/2026 11:18;Pedágio;;;UER7D08;Passeio;VOLKSWAGEN;POLO;"6790100008888934	";Tag;KIT 05;;2 eixos rodagem simples;2 eixos rodagem simples;AutoBan;Rodovia dos Bandeirantes, KM 077+430, Itupeva - SP;-13,6;0;-13,6;;Não
2baa072e-6be6-4933-9c5d-20a25e4c4b23;11/05/2026;11:52:00;11/05/2026 11:52;Pedágio;;;UER7D08;Passeio;VOLKSWAGEN;POLO;"6790100008888934	";Tag;KIT 05;;2 eixos rodagem simples;2 eixos rodagem simples;AutoBan;Rodovia dos Bandeirantes, KM 036+200, Caieiras - SP;-13,7;0;-13,7;;Não
91a8c771-45cf-401a-8180-47cc5b826296;11/05/2026;13:42:34;11/05/2026 13:43;Pedágio;;;UEB7H08;Passeio;VOLKSWAGEN;POLO;"6790100008889072	";Tag;KIT 05;;2 eixos rodagem simples;2 eixos rodagem simples;AutoBan;Rodovia dos Bandeirantes, KM 039+047, Franco da Rocha - SP;-13,7;0;-13,7;;Não
c28b7943-8157-4320-864f-b7989a7942e2;11/05/2026;13:42:37;11/05/2026 13:43;Pedágio;;;UGU6E48;Passeio;VOLKSWAGEN;POLO;"6790100008889452	";Tag;KIT 03;;2 eixos rodagem simples;2 eixos rodagem simples;AutoBan;Rodovia dos Bandeirantes, KM 039+047, Franco da Rocha - SP;-13,7;0;-13,7;;Não
c03b233b-9565-4173-a36f-ac6c2d264176;11/05/2026;12:44:41;11/05/2026 15:31;Pedágio;;;UER7D08;Passeio;VOLKSWAGEN;POLO;"6790100008888934	";Tag;KIT 05;;2 eixos rodagem simples;2 eixos rodagem simples;RioSP;Rodovia Presidente Dutra, KM 231+008, São Paulo - SP;-4,6;0;-4,6;;Não
389b292c-39ee-43a4-98b6-16e9904a7b62;11/05/2026;13:35:19;11/05/2026 16:55;Pedágio;;;UER7D08;Passeio;VOLKSWAGEN;POLO;"6790100008888934	";Tag;KIT 05;;2 eixos rodagem simples;2 eixos rodagem simples;RioSP;Rodovia Presidente Dutra, KM 211+046, Guarulhos - SP;-5,88;0;-5,88;;Não
763233c1-0e5f-4c7d-b0c5-d9472d0db38d;11/05/2026;19:33:29;11/05/2026 19:35;Pedágio;;;UER7D08;Passeio;VOLKSWAGEN;POLO;"6790100008888934	";Tag;KIT 05;;2 eixos rodagem simples;2 eixos rodagem simples;Rota das Bandeiras;Rodovia Dom Pedro I, KM 026+500, Igaratá - SP;-13,3;0;-13,3;;Não
65460777-bec3-48c3-9847-f724002551fe;11/05/2026;20:38:43;11/05/2026 20:39;Pedágio;;;UEB7H08;Passeio;VOLKSWAGEN;POLO;"6790100008889072	";Tag;KIT 05;;2 eixos rodagem simples;2 eixos rodagem simples;AutoBan;Rodovia dos Bandeirantes, KM 036+200, Caieiras - SP;-13,7;0;-13,7;;Não
03b7196f-c35b-4b35-a044-b52f086bb004;11/05/2026;20:38:47;11/05/2026 20:39;Pedágio;;;UGU6E48;Passeio;VOLKSWAGEN;POLO;"6790100008889452	";Tag;KIT 03;;2 eixos rodagem simples;2 eixos rodagem simples;AutoBan;Rodovia dos Bandeirantes, KM 036+200, Caieiras - SP;-13,7;0;-13,7;;Não
d642c892-f7a7-4247-bc1b-a04b14b9f4db;11/05/2026;20:57:58;11/05/2026 20:58;Pedágio;;;UEB7H08;Passeio;VOLKSWAGEN;POLO;"6790100008889072	";Tag;KIT 05;;2 eixos rodagem simples;2 eixos rodagem simples;RodoAnel Oeste;Rodoanel Mário Covas, KM 014+290, Barueri - SP;-3,5;0;-3,5;;Não
3c3c1753-00ac-487f-ba82-4ea6ac02997d;11/05/2026;20:58:02;11/05/2026 20:58;Pedágio;;;UGU6E48;Passeio;VOLKSWAGEN;POLO;"6790100008889452	";Tag;KIT 03;;2 eixos rodagem simples;2 eixos rodagem simples;RodoAnel Oeste;Rodoanel Mário Covas, KM 014+290, Barueri - SP;-3,5;0;-3,5;;Não
d64c6a1f-99b9-4c07-a926-8cee1bc3c0c3;11/05/2026;21:33:58;11/05/2026 21:36;Pedágio;;;UGU6E48;Passeio;VOLKSWAGEN;POLO;"6790100008889452	";Tag;KIT 03;;2 eixos rodagem simples;2 eixos rodagem simples;Ecovias Raposo Castello;SP-280, KM 020+000, Barueri - SP;-3,99;0;-3,99;;Não
a059c121-3977-4c31-8526-d87470270c9b;11/05/2026;23:42:50;11/05/2026 23:47;Pedágio;;;UEB7H08;Passeio;VOLKSWAGEN;POLO;"6790100008889072	";Tag;KIT 05;;2 eixos rodagem simples;2 eixos rodagem simples;Ecovias Raposo Castello;SP-280, KM 020+000, Barueri - SP;-3,99;0;-3,99;;Não
3c2e2fd9-1746-4536-bbf4-c95476d5d53f;11/05/2026;23:53:18;11/05/2026 23:53;Pedágio;;;UEB7H08;Passeio;VOLKSWAGEN;POLO;"6790100008889072	";Tag;KIT 05;;2 eixos rodagem simples;2 eixos rodagem simples;RodoAnel Oeste;Rodoanel Mário Covas, KM 025+360, Cotia - SP;-3,5;0;-3,5;;Não
a8bc1dc7-2683-4da9-b8ab-5a7ea9e91d9d;12/05/2026;00:16:28;12/05/2026 00:17;Pedágio;;;UEB7H08;Passeio;VOLKSWAGEN;POLO;"6790100008889072	";Tag;KIT 05;;2 eixos rodagem simples;2 eixos rodagem simples;Autopista Régis Bittencourt;Rodovia Régis Bittencourt, KM 298+000, São Lourenço da Serra - SP;-4,3;0;-4,3;;Não
d8c0627e-261c-4464-a5cc-b94a11fbb656;11/05/2026;23:32:13;12/05/2026 00:49;Pedágio;;;UER7D08;Passeio;VOLKSWAGEN;POLO;"6790100008888934	";Tag;KIT 05;;2 eixos rodagem simples;2 eixos rodagem simples;RioSP;Rodovia Presidente Dutra, KM 180+800, Guararema - SP;-3,71;0;-3,71;;Não
70936725-9dbe-421b-9a98-9b294319cfd6;11/05/2026;23:47:07;12/05/2026 00:49;Pedágio;;;UER7D08;Passeio;VOLKSWAGEN;POLO;"6790100008888934	";Tag;KIT 05;;2 eixos rodagem simples;2 eixos rodagem simples;RioSP;Rodovia Presidente Dutra, KM 204+500, Arujá - SP;-3,98;0;-3,98;;Não
bb158e51-b147-4347-963c-dc227374f04a;12/05/2026;01:22:35;12/05/2026 01:23;Pedágio;;;UEB7H08;Passeio;VOLKSWAGEN;POLO;"6790100008889072	";Tag;KIT 05;;2 eixos rodagem simples;2 eixos rodagem simples;Autopista Régis Bittencourt;Rodovia Régis Bittencourt, KM 370+300, Miracatu - SP;-4,3;0;-4,3;;Não
36d870de-e3a4-4790-a991-2985dfe29b3d;12/05/2026;02:21:26;12/05/2026 02:21;Pedágio;;;UEB7H08;Passeio;VOLKSWAGEN;POLO;"6790100008889072	";Tag;KIT 05;;2 eixos rodagem simples;2 eixos rodagem simples;Autopista Régis Bittencourt;Rodovia Régis Bittencourt, KM 370+300, Miracatu - SP;-4,3;0;-4,3;;Não
f77ef12d-c8e2-46fa-9af2-f85dd9002389;09/05/2026;20:45:24;12/05/2026 03:04;Pedágio;;;UGU6E48;Passeio;VOLKSWAGEN;POLO;"6790100008889452	";Tag;KIT 03;;2 eixos rodagem simples;2 eixos rodagem simples;Autopista Régis Bittencourt;Rodovia Régis Bittencourt, KM 485+000, Cajati - SP;-4,3;0;-4,3;;Não
73a13b1e-c919-4325-818d-f7f5323bdb2e;09/05/2026;21:25:50;12/05/2026 03:13;Pedágio;;;UGU6E48;Passeio;VOLKSWAGEN;POLO;"6790100008889452	";Tag;KIT 03;;2 eixos rodagem simples;2 eixos rodagem simples;Autopista Régis Bittencourt;Rodovia Régis Bittencourt, KM 426+000, Juquiá - SP;-4,3;0;-4,3;;Não
e2da8da5-85b1-4a2d-89dc-5d3d05de3e7b;09/05/2026;17:44:56;12/05/2026 03:22;Pedágio;;;UGU6E48;Passeio;VOLKSWAGEN;POLO;"6790100008889452	";Tag;KIT 03;;2 eixos rodagem simples;2 eixos rodagem simples;Autopista Planalto Sul;BR-116, KM 134+400, Fazenda Rio Grande - PR;-8,7;0;-8,7;;Não
5844ab1a-8c9a-4f3e-94c6-af6b900ee449;11/05/2026;22:29:52;12/05/2026 03:28;Pedágio;;;UER7D08;Passeio;VOLKSWAGEN;POLO;"6790100008888934	";Tag;KIT 05;;2 eixos rodagem simples;2 eixos rodagem simples;RioSP;Rodovia Presidente Dutra, KM 086+950, Pindamonhangaba - SP;-14,23;0;-14,23;;Não
4b2dfd6e-7df2-46ce-b6e1-2ab98c407a0f;12/05/2026;03:26:43;12/05/2026 03:29;Pedágio;;;UEB7H08;Passeio;VOLKSWAGEN;POLO;"6790100008889072	";Tag;KIT 05;;2 eixos rodagem simples;4 eixos rodagem simples;Autopista Régis Bittencourt;Rodovia Régis Bittencourt, KM 298+000, Itapecerica da Serra - SP;-8,6;0;-8,6;;Não
a975b9f9-7d4d-4b9d-99db-bf0934334f0b;12/05/2026;03:51:45;12/05/2026 03:52;Pedágio;;;UEB7H08;Passeio;VOLKSWAGEN;POLO;"6790100008889072	";Tag;KIT 05;;2 eixos rodagem simples;2 eixos rodagem simples;RodoAnel Oeste;Rodoanel Mário Covas, KM 015+610, Barueri - SP;-3,5;0;-3,5;;Não
308d860c-f070-44f3-9850-aafeaba599e0;09/05/2026;16:50:04;12/05/2026 04:31;Pedágio;;;UGU6E48;Passeio;VOLKSWAGEN;POLO;"6790100008889452	";Tag;KIT 03;;2 eixos rodagem simples;2 eixos rodagem simples;Autopista Planalto Sul;BR-116, KM 205+000, Rio Negro - PR;-8,7;0;-8,7;;Não
74748e68-3575-4fe4-a258-adbec4847bed;12/05/2026;04:31:42;12/05/2026 04:33;Pedágio;;;UGU6E48;Passeio;VOLKSWAGEN;POLO;"6790100008889452	";Tag;KIT 03;;2 eixos rodagem simples;2 eixos rodagem simples;Ecovias Raposo Castello;SP-280, KM 018+000, Osasco - SP;-3,99;0;-3,99;;Não
9f202543-7984-4e01-b5ee-86c7412e661b;12/05/2026;04:50:55;12/05/2026 04:51;Pedágio;;;UGU6E48;Passeio;VOLKSWAGEN;POLO;"6790100008889452	";Tag;KIT 03;;2 eixos rodagem simples;2 eixos rodagem simples;Ecovias Raposo Castello;SP-280, KM 033+000, Itapevi - SP;-9,31;0;-9,31;;Não
003b3307-d09d-4a74-b8cf-7378d218d712;12/05/2026;05:12:06;12/05/2026 05:14;Pedágio;;;UER7D08;Passeio;VOLKSWAGEN;POLO;"6790100008888934	";Tag;KIT 05;;2 eixos rodagem simples;2 eixos rodagem simples;Ecovias Raposo Castello;SP-280, KM 018+000, Osasco - SP;-3,99;0;-3,99;;Não
7c9c1b83-b5ea-4d1c-a850-eb6bd40d5893;12/05/2026;05:25:07;12/05/2026 05:25;Pedágio;;;UER7D08;Passeio;VOLKSWAGEN;POLO;"6790100008888934	";Tag;KIT 05;;2 eixos rodagem simples;2 eixos rodagem simples;Ecovias Raposo Castello;SP-280, KM 033+000, Itapevi - SP;-9,31;0;-9,31;;Não
51f8b936-b1ba-4b51-a427-aa231445db47;09/05/2026;15:40:35;12/05/2026 05:27;Pedágio;;;UGU6E48;Passeio;VOLKSWAGEN;POLO;"6790100008889452	";Tag;KIT 03;;2 eixos rodagem simples;2 eixos rodagem simples;Autopista Planalto Sul;BR-116, KM 080+000, Monte Castelo - SC;-8,7;0;-8,7;;Não
cd2884a5-4df5-403b-a14e-83bc97a9b827;12/05/2026;07:00:52;12/05/2026 07:01;Pedágio;;;UEB7H08;Passeio;VOLKSWAGEN;POLO;"6790100008889072	";Tag;KIT 05;;2 eixos rodagem simples;2 eixos rodagem simples;RodoAnel Oeste;Rodoanel Mário Covas, KM 003+500, São Paulo - SP;-3,5;0;-3,5;;Não
61abd806-5980-4f14-8ba0-2d57f779557d;12/05/2026;07:12:35;12/05/2026 07:53;Pedágio;;;UEB7H08;Passeio;VOLKSWAGEN;POLO;"6790100008889072	";Tag;KIT 05;;2 eixos rodagem simples;2 eixos rodagem simples;AutoBan;Rodovia dos Bandeirantes, KM 039+047, Franco da Rocha - SP;-13,7;0;-13,7;;Não
ae9204a4-084e-47ac-acc0-4eca8958da0f;12/05/2026;09:23:30;12/05/2026 09:43;Pedágio;;;UEB7H08;Passeio;VOLKSWAGEN;POLO;"6790100008889072	";Tag;KIT 05;;2 eixos rodagem simples;2 eixos rodagem simples;AutoBan;Rodovia dos Bandeirantes, KM 036+200, Caieiras - SP;-13,7;0;-13,7;;Não
623a15bb-a748-4ab0-8204-53fe4d9e7bd9;12/05/2026;09:54:16;12/05/2026 10:17;Pedágio;;;UEB7H08;Passeio;VOLKSWAGEN;POLO;"6790100008889072	";Tag;KIT 05;;2 eixos rodagem simples;2 eixos rodagem simples;RodoAnel Oeste;Rodoanel Mário Covas, KM 025+360, Cotia - SP;-3,5;0;-3,5;;Não
ba67ea34-0f55-4c68-b3e0-9a5334ab7156;12/05/2026;11:22:08;12/05/2026 11:35;Pedágio;;;UEB7H08;Passeio;VOLKSWAGEN;POLO;"6790100008889072	";Tag;KIT 05;;2 eixos rodagem simples;2 eixos rodagem simples;RodoAnel Oeste;Rodoanel Mário Covas, KM 003+500, São Paulo - SP;-3,5;0;-3,5;;Não
ef9b4303-349e-4e8e-bcee-58b404604081;12/05/2026;11:33:02;12/05/2026 11:38;Pedágio;;;UEB7H08;Passeio;VOLKSWAGEN;POLO;"6790100008889072	";Tag;KIT 05;;2 eixos rodagem simples;2 eixos rodagem simples;AutoBan;Rodovia dos Bandeirantes, KM 039+047, Franco da Rocha - SP;-13,7;0;-13,7;;Não
cedae7a5-21c0-437f-a10d-e50d74937811;12/05/2026;13:14:17;12/05/2026 13:14;Pedágio;;;UER7D08;Passeio;VOLKSWAGEN;POLO;"6790100008888934	";Tag;KIT 05;;2 eixos rodagem simples;2 eixos rodagem simples;Via Colinas;Rodovia Presidente Castello Branco, KM 111+300, Boituva - SP;-13,8;0;-13,8;;Não
396eaa25-cd6c-4471-96c3-0026ccf4a60b;04/05/2026;19:06:43;12/05/2026 13:51;Pedágio;;;UER7D08;Passeio;VOLKSWAGEN;POLO;"6790100008888934	";Tag;KIT 05;;2 eixos rodagem simples;2 eixos rodagem simples;Rota das Bandeiras;Rodovia Dom Pedro I, KM 026+500, Igaratá - SP;-13,3;0;-13,3;;Não
f58497d9-58ac-4330-afe6-5217a215e07c;12/05/2026;13:51:27;12/05/2026 13:51;Pedágio;;;UER7D08;Passeio;VOLKSWAGEN;POLO;"6790100008888934	";Tag;KIT 05;;2 eixos rodagem simples;2 eixos rodagem simples;SPVias;Rodovia Presidente Castello Branco, KM 158+300, Porangaba - SP;-19,4;0;-19,4;;Não
5a55f598-d43d-46f3-942d-5ee925b8e4da;12/05/2026;14:24:59;12/05/2026 14:25;Pedágio;;;UGU6E48;Passeio;VOLKSWAGEN;POLO;"6790100008889452	";Tag;KIT 03;;2 eixos rodagem simples;2 eixos rodagem simples;RodoAnel Oeste;Rodoanel Mário Covas, KM 003+500, São Paulo - SP;-3,5;0;-3,5;;Não
ee7208d2-6130-4a32-82db-624e72965f99;12/05/2026;14:10:37;12/05/2026 14:26;Pedágio;;;UGU6E48;Passeio;VOLKSWAGEN;POLO;"6790100008889452	";Tag;KIT 03;;2 eixos rodagem simples;2 eixos rodagem simples;Ecovias Raposo Castello;SP-280, KM 020+000, Barueri - SP;-3,99;0;-3,99;;Não
94e53d4a-7e8e-4799-bc61-55e13414b4d8;04/05/2026;18:01:50;12/05/2026 14:35;Pedágio;;;UER7D08;Passeio;VOLKSWAGEN;POLO;"6790100008888934	";Tag;KIT 05;;2 eixos rodagem simples;2 eixos rodagem simples;Rota das Bandeiras;Rodovia Engenheiro Constâncio Cintra, KM 077+100, Itatiba - SP;-6,1;0;-6,1;;Não
f1bfa130-3dcf-4b39-a088-51255dc26064;12/05/2026;14:36:41;12/05/2026 14:37;Pedágio;;;UGU6E48;Passeio;VOLKSWAGEN;POLO;"6790100008889452	";Tag;KIT 03;;2 eixos rodagem simples;2 eixos rodagem simples;AutoBan;Rodovia dos Bandeirantes, KM 039+047, Franco da Rocha - SP;-13,7;0;-13,7;;Não
67a3417c-62e6-4a00-9d7b-e58859b8dbca;12/05/2026;14:36:36;12/05/2026 14:38;Pedágio;;;UER7D08;Passeio;VOLKSWAGEN;POLO;"6790100008888934	";Tag;KIT 05;;2 eixos rodagem simples;2 eixos rodagem simples;SPVias;Rodovia Presiednte Castello Branco , KM 208+400, Itatinga - SP;-19,4;0;-19,4;;Não
24593aac-c007-4485-bdaf-456b50a34b1a;12/05/2026;15:08:03;12/05/2026 15:09;Pedágio;;;UGU6E48;Passeio;VOLKSWAGEN;POLO;"6790100008889452	";Tag;KIT 03;;2 eixos rodagem simples;2 eixos rodagem simples;AutoBan;Rodovia dos Bandeirantes, KM 077+430, Itupeva - SP;-13,6;0;-13,6;;Não
d808efe2-92db-4b30-baf4-2b42f9f0c01e;04/05/2026;16:43:11;12/05/2026 15:30;Pedágio;;;UGU6E48;Passeio;VOLKSWAGEN;POLO;"6790100008889452	";Tag;KIT 03;;2 eixos rodagem simples;2 eixos rodagem simples;Rota das Bandeiras;Rodovia Dom Pedro I, KM 026+500, Igaratá - SP;-13,3;0;-13,3;;Não
b5fcebba-7fa3-4872-9b6a-7ad079cf0672;12/05/2026;15:29:37;12/05/2026 15:31;Pedágio;;;UER7D08;Passeio;VOLKSWAGEN;POLO;"6790100008888934	";Tag;KIT 05;;2 eixos rodagem simples;2 eixos rodagem simples;SPVias;Rodovia Presiednte Castello Branco , KM 278+000, Iaras - SP;-13,2;0;-13,2;;Não
267bc042-b5d4-441d-b406-166118a608bf;04/05/2026;16:01:50;12/05/2026 15:44;Pedágio;;;UGU6E48;Passeio;VOLKSWAGEN;POLO;"6790100008889452	";Tag;KIT 03;;2 eixos rodagem simples;2 eixos rodagem simples;Rota das Bandeiras;Rodovia Dom Pedro I, KM 079+900, Atibaia - SP;-10,6;0;-10,6;;Não
238770ad-3d66-43a8-bdb4-5466911c9a60;04/05/2026;15:36:13;12/05/2026 15:58;Pedágio;;;UGU6E48;Passeio;VOLKSWAGEN;POLO;"6790100008889452	";Tag;KIT 03;;2 eixos rodagem simples;2 eixos rodagem simples;Rota das Bandeiras;Rodovia Engenheiro Constâncio Cintra, KM 077+100, Itatiba - SP;-6,1;0;-6,1;;Não
454d6101-2781-4da2-86a1-090f1fed3d7a;12/05/2026;16:02:45;12/05/2026 16:03;Pedágio;;;UER7D08;Passeio;VOLKSWAGEN;POLO;"6790100008888934	";Tag;KIT 05;;2 eixos rodagem simples;2 eixos rodagem simples;CART;Rodovia Engenheiro João Batista Cabral, KM 300+930, Santa Cruz do Rio Pardo - SP;-9,9;0;-9,9;;Não
1cfc2a77-0866-4d58-ac54-ad26daa1f792;12/05/2026;16:06:48;12/05/2026 16:12;Pedágio;;;UGU6E48;Passeio;VOLKSWAGEN;POLO;"6790100008889452	";Tag;KIT 03;;2 eixos rodagem simples;2 eixos rodagem simples;AutoBan;Rodovia Anhanguera, KM 152+000, Limeira - SP;-9,2;0;-9,2;;Não
3858bf75-1b4b-4d80-b3e4-bd795b148d84;12/05/2026;16:28:45;12/05/2026 16:29;Pedágio;;;UGU6E48;Passeio;VOLKSWAGEN;POLO;"6790100008889452	";Tag;KIT 03;;2 eixos rodagem simples;2 eixos rodagem simples;EixoSP;Rodovia Washington Luís, KM 181+500, Rio Claro - SP;-10,64;0;-10,64;;Não
6f81b047-c083-49b3-b8d6-f886d2bba173;12/05/2026;16:35:22;12/05/2026 16:35;Pedágio;;;UER7D08;Passeio;VOLKSWAGEN;POLO;"6790100008888934	";Tag;KIT 05;;2 eixos rodagem simples;2 eixos rodagem simples;CART;Rodovia Orlando Quagliato, KM 014+500, Santa Cruz do Rio Pardo - SP;-10,3;0;-10,3;;Não
f1715139-e1de-435a-b018-19265e80ea23;12/05/2026;16:57:20;12/05/2026 16:58;Pedágio;;;UGU6E48;Passeio;VOLKSWAGEN;POLO;"6790100008889452	";Tag;KIT 03;;2 eixos rodagem simples;2 eixos rodagem simples;EixoSP;Rodovia Washington Luís, KM 217+000, Itirapina - SP;-6,36;0;-6,36;;Não
6ede78cf-c1d1-49cf-95e1-601b47e6af99;12/05/2026;17:41:09;12/05/2026 17:55;Pedágio;;;UEB7H08;Passeio;VOLKSWAGEN;POLO;"6790100008889072	";Tag;KIT 05;;2 eixos rodagem simples;2 eixos rodagem simples;AutoBan;Rodovia dos Bandeirantes, KM 077+430, Itupeva - SP;-13,6;0;-13,6;;Não
9e205652-6122-42e6-9974-a85a46899e70;12/05/2026;17:47:00;12/05/2026 18:12;Pedágio;;;UGU6E48;Passeio;VOLKSWAGEN;POLO;"6790100008889452	";Tag;KIT 03;;2 eixos rodagem simples;2 eixos rodagem simples;Ecovias Noroeste Paulista;Rodovia Washington Luís, KM 282+400, Araraquara - SP;-21,66;0;-21,66;;Não
925a0c7f-c3f8-430f-8205-f5aa40a601c7;12/05/2026;18:25:21;12/05/2026 18:28;Pedágio;;;UER7D08;Passeio;VOLKSWAGEN;POLO;"6790100008888934	";Tag;KIT 05;;2 eixos rodagem simples;2 eixos rodagem simples;CART;Rodovia Orlando Quagliato, KM 014+500, Santa Cruz do Rio Pardo - SP;-10,3;0;-10,3;;Não
6d1f46d1-fe6a-437d-9274-df7dcdb17941;12/05/2026;18:33:13;12/05/2026 18:33;Pedágio;;;UGU6E48;Passeio;VOLKSWAGEN;POLO;"6790100008889452	";Tag;KIT 03;;2 eixos rodagem simples;2 eixos rodagem simples;Ecovias Noroeste Paulista;Rodovia Washington Luís, KM 346+404, Agulha - SP;-13,11;0;-13,11;;Não
a564d947-e69d-408f-b11b-f4d865aa4aa2;12/05/2026;18:40:08;12/05/2026 18:40;Pedágio;;;UER7D08;Passeio;VOLKSWAGEN;POLO;"6790100008888934	";Tag;KIT 05;;2 eixos rodagem simples;2 eixos rodagem simples;CART;Rodovia Engenheiro João Batista Cabral, KM 300+930, Santa Cruz do Rio Pardo - SP;-9,9;0;-9,9;;Não
3a3cb867-e909-4f70-abf2-d194a0f91a67;12/05/2026;19:08:12;12/05/2026 19:12;Pedágio;;;UER7D08;Passeio;VOLKSWAGEN;POLO;"6790100008888934	";Tag;KIT 05;;2 eixos rodagem simples;2 eixos rodagem simples;SPVias;Rodovia Presidente Castello Branco, KM 278+000, Iaras - SP;-13,2;0;-13,2;;Não
3118670e-ee0e-43e5-afc5-745c6cd7d3a5;12/05/2026;19:25:58;12/05/2026 19:27;Pedágio;;;UER7D08;Passeio;VOLKSWAGEN;POLO;"6790100008888934	";Tag;KIT 05;;2 eixos rodagem simples;2 eixos rodagem simples;SPVias;Rodovia Presidente Castello Branco, KM 208+400, Itatinga - SP;-19,4;0;-19,4;;Não
9f55d978-8dd3-4637-b0bd-7d449f78f7c8;12/05/2026;19:51:19;12/05/2026 19:51;Pedágio;;;UER7D08;Passeio;VOLKSWAGEN;POLO;"6790100008888934	";Tag;KIT 05;;2 eixos rodagem simples;2 eixos rodagem simples;SPVias;Rodovia Presidente Castello Branco, KM 158+300, Porangaba - SP;-19,4;0;-19,4;;Não
2e087481-0242-4138-a53f-7cd0f63f8e04;12/05/2026;20:19:51;12/05/2026 20:20;Pedágio;;;UGU6E48;Passeio;VOLKSWAGEN;POLO;"6790100008889452	";Tag;KIT 03;;2 eixos rodagem simples;2 eixos rodagem simples;Ecovias Noroeste Paulista;Rodovia Washington Luís, KM 346+404, Agulha - SP;-13,11;0;-13,11;;Não
af259b73-8221-4425-8aa3-049b9b229e76;12/05/2026;20:26:33;12/05/2026 20:26;Pedágio;;;UER7D08;Passeio;VOLKSWAGEN;POLO;"6790100008888934	";Tag;KIT 05;;2 eixos rodagem simples;2 eixos rodagem simples;Via Colinas;Rodovia Presidente Castello Branco, KM 111+300, Boituva - SP;-13,8;0;-13,8;;Não
09a9bf48-6c4c-4dcb-9085-62cea09c4b71;12/05/2026;20:44:09;12/05/2026 20:44;Pedágio;;;UER7D08;Passeio;VOLKSWAGEN;POLO;"6790100008888934	";Tag;KIT 05;;2 eixos rodagem simples;2 eixos rodagem simples;Rota Sorocabana;SP-280 - Rodovia Presidente Castello Branco, KM 074+000, Itu - SP;-12,54;0;-12,54;;Não
f03a3f54-8b21-427c-a291-9132f626a05c;12/05/2026;20:47:41;12/05/2026 20:48;Pedágio;;;UEB7H08;Passeio;VOLKSWAGEN;POLO;"6790100008889072	";Tag;KIT 05;;2 eixos rodagem simples;2 eixos rodagem simples;AutoBan;Rodovia dos Bandeirantes, KM 077+430, Itupeva - SP;-13,6;0;-13,6;;Não
1c6259d1-d254-4dc1-a858-c8007fdb268e;12/05/2026;20:57:35;12/05/2026 20:57;Pedágio;;;UGU6E48;Passeio;VOLKSWAGEN;POLO;"6790100008889452	";Tag;KIT 03;;2 eixos rodagem simples;2 eixos rodagem simples;Ecovias Noroeste Paulista;Rodovia Washington Luís, KM 282+400, Araraquara - SP;-21,66;0;-21,66;;Não
9fb54573-5212-4831-934c-e10793d890a1;12/05/2026;21:13:38;12/05/2026 21:13;Pedágio;;;UEB7H08;Passeio;VOLKSWAGEN;POLO;"6790100008889072	";Tag;KIT 05;;2 eixos rodagem simples;2 eixos rodagem simples;AutoBan;Rodovia dos Bandeirantes, KM 036+200, Caieiras - SP;-13,7;0;-13,7;;Não
78cea01e-b8c2-4f09-8238-aa44939ccb7d;12/05/2026;21:29:24;12/05/2026 21:29;Pedágio;;;UEB7H08;Passeio;VOLKSWAGEN;POLO;"6790100008889072	";Tag;KIT 05;;2 eixos rodagem simples;2 eixos rodagem simples;RodoAnel Oeste;Rodoanel Mário Covas, KM 014+290, Barueri - SP;-3,5;0;-3,5;;Não
d43ca1fe-b328-4ac9-b4d9-0c088ba07fec;12/05/2026;21:45:02;12/05/2026 21:46;Pedágio;;;UGU6E48;Passeio;VOLKSWAGEN;POLO;"6790100008889452	";Tag;KIT 03;;2 eixos rodagem simples;2 eixos rodagem simples;EixoSP;Rodovia Washington Luís, KM 217+000, Itirapina - SP;-6,36;0;-6,36;;Não
8753351b-db7d-4e76-8a71-e3fd61406bd7;12/05/2026;21:52:02;12/05/2026 21:54;Pedágio;;;UEB7H08;Passeio;VOLKSWAGEN;POLO;"6790100008889072	";Tag;KIT 05;;2 eixos rodagem simples;2 eixos rodagem simples;Ecovias Raposo Castello;SP-280, KM 020+000, Barueri - SP;-3,99;0;-3,99;;Não
b6437551-5532-4b8c-ab53-2ed80b6a768e;12/05/2026;22:09:43;12/05/2026 22:10;Pedágio;;;UGU6E48;Passeio;VOLKSWAGEN;POLO;"6790100008889452	";Tag;KIT 03;;2 eixos rodagem simples;2 eixos rodagem simples;EixoSP;Rodovia Washington Luís, KM 181+500, Rio Claro - SP;-10,64;0;-10,64;;Não
cd0496d0-31cd-409c-a18e-4c703fbbcc67;12/05/2026;22:25:03;12/05/2026 22:27;Pedágio;;;UER7D08;Passeio;VOLKSWAGEN;POLO;"6790100008888934	";Tag;KIT 05;;2 eixos rodagem simples;2 eixos rodagem simples;Ecovias Raposo Castello;SP-280, KM 020+000, Barueri - SP;-3,99;0;-3,99;;Não
5e34a7da-ad76-428c-88c1-8c25f397aa76;12/05/2026;22:29:14;12/05/2026 22:34;Pedágio;;;UGU6E48;Passeio;VOLKSWAGEN;POLO;"6790100008889452	";Tag;KIT 03;;2 eixos rodagem simples;2 eixos rodagem simples;AutoBan;Rodovia Anhanguera, KM 152+000, Limeira - SP;-9,2;0;-9,2;;Não
80d5aed9-4c33-44e1-8dd8-dbb76069b554;12/05/2026;22:57:23;12/05/2026 23:03;Pedágio;;;UGU6E48;Passeio;VOLKSWAGEN;POLO;"6790100008889452	";Tag;KIT 03;;2 eixos rodagem simples;2 eixos rodagem simples;AutoBan;Rodovia Anhanguera, KM 118+000, Nova Odessa - SP;-12,1;0;-12,1;;Não
8959f60c-9bd2-4b62-a3b9-9d7f7d837af4;12/05/2026;23:31:07;12/05/2026 23:31;Pedágio;;;UGU6E48;Passeio;VOLKSWAGEN;POLO;"6790100008889452	";Tag;KIT 03;;2 eixos rodagem simples;2 eixos rodagem simples;AutoBan;Rodovia dos Bandeirantes, KM 077+430, Itupeva - SP;-13,6;0;-13,6;;Não
82c439ac-7bc0-4df7-8d95-a924e20b357e;12/05/2026;23:57:23;12/05/2026 23:57;Pedágio;;;UGU6E48;Passeio;VOLKSWAGEN;POLO;"6790100008889452	";Tag;KIT 03;;2 eixos rodagem simples;2 eixos rodagem simples;AutoBan;Rodovia dos Bandeirantes, KM 036+200, Caieiras - SP;-13,7;0;-13,7;;Não
807f5c45-e9e2-4cea-a5d8-4ea3e403e599;11/05/2026;19:52:28;13/05/2026 04:49;Pedágio;;;UER7D08;Passeio;VOLKSWAGEN;POLO;"6790100008888934	";Tag;KIT 05;;2 eixos rodagem simples;2 eixos rodagem simples;RioSP;Rodovia Presidente Dutra, KM 165+200, Jacareí - SP;-7;0;-7;;Não
99b32b95-c162-4543-913f-3f64eb0b3903;11/05/2026;23:22:38;13/05/2026 05:26;Pedágio;;;UER7D08;Passeio;VOLKSWAGEN;POLO;"6790100008888934	";Tag;KIT 05;;2 eixos rodagem simples;2 eixos rodagem simples;RioSP;Rodovia Presidente Dutra, KM 165+200, Jacareí - SP;-6,36;0;-6,36;;Não
6e9c5bb8-8ded-49d8-841a-4b8401455ca4;13/05/2026;07:06:57;13/05/2026 07:07;Pedágio;;;UER7D08;Passeio;VOLKSWAGEN;POLO;"6790100008888934	";Tag;KIT 05;;2 eixos rodagem simples;2 eixos rodagem simples;RodoAnel Oeste;Rodoanel Mário Covas, KM 014+290, Barueri - SP;-3,5;0;-3,5;;Não
191d309b-f000-4213-bef2-bcb4cf204f9e;13/05/2026;07:15:17;13/05/2026 07:16;Pedágio;;;UER7D08;Passeio;VOLKSWAGEN;POLO;"6790100008888934	";Tag;KIT 05;;2 eixos rodagem simples;2 eixos rodagem simples;Ecovias Raposo Castello;SP-280, KM 033+000, Itapevi - SP;-9,31;0;-9,31;;Não
435f8f14-0841-472a-81d1-4b0f4c69c521;13/05/2026;07:29:17;13/05/2026 07:32;Pedágio;;;UEB7H08;Passeio;VOLKSWAGEN;POLO;"6790100008889072	";Tag;KIT 05;;2 eixos rodagem simples;2 eixos rodagem simples;Ecovias Raposo Castello;SP-280, KM 018+000, Osasco - SP;-3,99;0;-3,99;;Não
9d9b6eec-2caf-4933-9e2b-d4b8f1885436;13/05/2026;07:40:41;13/05/2026 07:41;Pedágio;;;UEB7H08;Passeio;VOLKSWAGEN;POLO;"6790100008889072	";Tag;KIT 05;;2 eixos rodagem simples;2 eixos rodagem simples;Ecovias Raposo Castello;SP-280, KM 033+000, Itapevi - SP;-9,31;0;-9,31;;Não
29fe3887-98d0-4cfc-abcf-599a7692a6c4;13/05/2026;10:45:46;13/05/2026 10:46;Pedágio;;;UGU6E48;Passeio;VOLKSWAGEN;POLO;"6790100008889452	";Tag;KIT 03;;2 eixos rodagem simples;2 eixos rodagem simples;Ecovias Raposo Castello;SP-280, KM 033+000, Itapevi - SP;-9,31;0;-9,31;;Não
d6b76b55-6fc2-4657-b40c-b5a957301a26;13/05/2026;11:13:28;13/05/2026 11:14;Pedágio;;;UGU6E48;Passeio;VOLKSWAGEN;POLO;"6790100008889452	";Tag;KIT 03;;2 eixos rodagem simples;2 eixos rodagem simples;Rota Sorocabana;SP-075 - Rodovia Senador Jose Ermírio de Moraes, KM 012+500, Sorocaba - SP;-7,12;0;-7,12;;Não
4b93c578-5368-4d20-adda-ad2c8c406f77;11/05/2026;14:06:25;13/05/2026 11:33;Pedágio;;;UER7D08;Passeio;VOLKSWAGEN;POLO;"6790100008888934	";Tag;KIT 05;;2 eixos rodagem simples;2 eixos rodagem simples;Autopista Fernão Dias;Rodovia Fernão Dias, KM 066+000, Mairiporã - SP;-3,2;0;-3,2;;Não
1250f495-39cb-43ab-8935-9fa0fffa5e4e;13/05/2026;10:35:30;13/05/2026 11:50;Pedágio;;;UGU6E48;Passeio;VOLKSWAGEN;POLO;"6790100008889452	";Tag;KIT 03;;2 eixos rodagem simples;2 eixos rodagem simples;Ecovias Raposo Castello;SP-280, KM 018+000, Osasco - SP;-3,99;0;-3,99;;Não
7ac46f9f-d5ef-4b9b-8984-801ea4791f94;13/05/2026;13:32:45;13/05/2026 13:34;Pedágio;;;UER7D08;Passeio;VOLKSWAGEN;POLO;"6790100008888934	";Tag;KIT 05;;2 eixos rodagem simples;2 eixos rodagem simples;Ecovias Raposo Castello;SP-280, KM 020+000, Barueri - SP;-3,99;0;-3,99;;Não
0147674d-8a75-4cc2-be28-7f05895310b7;13/05/2026;13:45:39;13/05/2026 13:46;Pedágio;;;UER7D08;Passeio;VOLKSWAGEN;POLO;"6790100008888934	";Tag;KIT 05;;2 eixos rodagem simples;2 eixos rodagem simples;RodoAnel Oeste;Rodoanel Mário Covas, KM 025+360, Cotia - SP;-3,5;0;-3,5;;Não
85dcc43f-6b46-44ea-b9f4-59ad999fad03;13/05/2026;14:01:13;13/05/2026 14:03;Pedágio;;;UEB7H08;Passeio;VOLKSWAGEN;POLO;"6790100008889072	";Tag;KIT 05;;2 eixos rodagem simples;2 eixos rodagem simples;Ecovias Raposo Castello;SP-280, KM 020+000, Barueri - SP;-3,99;0;-3,99;;Não
7913582e-e0c3-4452-accb-28879a31edce;13/05/2026;14:28:01;13/05/2026 14:28;Pedágio;;;UER7D08;Passeio;VOLKSWAGEN;POLO;"6790100008888934	";Tag;KIT 05;;2 eixos rodagem simples;2 eixos rodagem simples;SPMar;Rodoanel Mario Covas, KM 070+200, São Bernardo do Campo - SP;-5,4;0;-5,4;;Não
fcb11761-906f-41fd-a1cb-8ae326a2d14e;13/05/2026;14:34:15;13/05/2026 14:34;Pedágio;;;UER7D08;Passeio;VOLKSWAGEN;POLO;"6790100008888934	";Tag;KIT 05;;2 eixos rodagem simples;2 eixos rodagem simples;Ecovias Imigrantes;Rodovia dos Imigrantes, KM 032+381, São Bernardo do Campo - SP;-38,7;0;-38,7;;Não
a726b57a-ff4c-4a64-8ef7-4541432170ab;04/05/2026;18:27:40;13/05/2026 14:34;Pedágio;;;UER7D08;Passeio;VOLKSWAGEN;POLO;"6790100008888934	";Tag;KIT 05;;2 eixos rodagem simples;2 eixos rodagem simples;Rota das Bandeiras;Rodovia Dom Pedro I, KM 079+900, Atibaia - SP;-10,6;0;-10,6;;Não
35cd1091-45f1-4982-ac73-5ceb8412e93c;13/05/2026;17:01:01;13/05/2026 17:01;Pedágio;;;UER7D08;Passeio;VOLKSWAGEN;POLO;"6790100008888934	";Tag;KIT 05;;2 eixos rodagem simples;2 eixos rodagem simples;SPMar;Rodoanel Mário Covas, KM 050+000, São Paulo - SP;-5,4;0;-5,4;;Não
07e34ef6-88db-4635-8b11-6fb495358f1d;13/05/2026;17:05:00;13/05/2026 17:05;Pedágio;;;UEB7H08;Passeio;VOLKSWAGEN;POLO;"6790100008889072	";Tag;KIT 05;;2 eixos rodagem simples;2 eixos rodagem simples;SPMar;Rodoanel Mário Covas, KM 050+000, São Paulo - SP;-5,4;0;-5,4;;Não
c99cf32b-988b-4e3c-9420-9dd61fc79ac1;13/05/2026;17:04:58;13/05/2026 17:05;Pedágio;;;UGU6E48;Passeio;VOLKSWAGEN;POLO;"6790100008889452	";Tag;KIT 03;;2 eixos rodagem simples;2 eixos rodagem simples;Rota Sorocabana;SP-280 - Rodovia Presidente Castello Branco, KM 074+000, Itu - SP;-12,54;0;-12,54;;Não
b83d4197-68f0-4c15-97ce-d97dcdad4beb;13/05/2026;17:32:00;13/05/2026 17:32;Pedágio;;;UER7D08;Passeio;VOLKSWAGEN;POLO;"6790100008888934	";Tag;KIT 05;;2 eixos rodagem simples;2 eixos rodagem simples;RodoAnel Oeste;Rodoanel Mário Covas, KM 015+610, Barueri - SP;-3,5;0;-3,5;;Não
4070b701-34aa-4b07-ab4e-e8321769f3aa;13/05/2026;17:35:22;13/05/2026 17:36;Pedágio;;;UEB7H08;Passeio;VOLKSWAGEN;POLO;"6790100008889072	";Tag;KIT 05;;2 eixos rodagem simples;2 eixos rodagem simples;RodoAnel Oeste;Rodoanel Mário Covas, KM 015+610, Barueri - SP;-3,5;0;-3,5;;Não
255f9582-b8ae-4e76-a461-afa63e329065;13/05/2026;20:31:52;13/05/2026 20:33;Pedágio;;;UEB7H08;Passeio;VOLKSWAGEN;POLO;"6790100008889072	";Tag;KIT 05;;2 eixos rodagem simples;2 eixos rodagem simples;Ecovias Raposo Castello;SP-280, KM 018+000, Osasco - SP;-3,99;0;-3,99;;Não
10887e26-87a9-43d9-9713-ad0746b5ed95;13/05/2026;20:41:33;13/05/2026 20:44;Pedágio;;;UGU6E48;Passeio;VOLKSWAGEN;POLO;"6790100008889452	";Tag;KIT 03;;2 eixos rodagem simples;2 eixos rodagem simples;Ecovias Raposo Castello;SP-280, KM 020+000, Barueri - SP;-3,99;0;-3,99;;Não
d395f4dc-0cfe-40e6-8c8b-1cd56cdf741c;13/05/2026;21:30:12;13/05/2026 21:30;Pedágio;;;UGU6E48;Passeio;VOLKSWAGEN;POLO;"6790100008889452	";Tag;KIT 03;;2 eixos rodagem simples;2 eixos rodagem simples;Ecovias Imigrantes;Rodovia dos Imigrantes, KM 032+381, São Bernardo do Campo - SP;-38,7;0;-38,7;;Não
6de58c44-ad71-4103-9860-80b584745559;13/05/2026;22:59:00;13/05/2026 23:01;Pedágio;;;UEB7H08;Passeio;VOLKSWAGEN;POLO;"6790100008889072	";Tag;KIT 05;;2 eixos rodagem simples;2 eixos rodagem simples;Ecovias Raposo Castello;SP-280, KM 020+000, Barueri - SP;-3,99;0;-3,99;;Não
44838ec5-0b34-4193-a213-0c6a20e05731;13/05/2026;23:08:30;13/05/2026 23:09;Pedágio;;;UEB7H08;Passeio;VOLKSWAGEN;POLO;"6790100008889072	";Tag;KIT 05;;2 eixos rodagem simples;2 eixos rodagem simples;RodoAnel Oeste;Rodoanel Mário Covas, KM 006+790, São Paulo - SP;-3,5;0;-3,5;;Não
6a2b646a-b4b1-47d4-8408-4120e438e414;13/05/2026;23:38:37;13/05/2026 23:39;Pedágio;;;UGU6E48;Passeio;VOLKSWAGEN;POLO;"6790100008889452	";Tag;KIT 03;;2 eixos rodagem simples;2 eixos rodagem simples;Ecovias Imigrantes;Rodovia Cônego Domênico Rangoni, KM 250+464, Santos - SP;-18,3;0;-18,3;;Não
9629bc41-4737-4cf6-9139-6f02d2ac95ef;13/05/2026;23:41:23;13/05/2026 23:41;Pedágio;;;UEB7H08;Passeio;VOLKSWAGEN;POLO;"6790100008889072	";Tag;KIT 05;;2 eixos rodagem simples;2 eixos rodagem simples;AutoBan;Rodovia Anhanguera, KM 026+495, São Paulo - SP;-13,7;0;-13,7;;Não
764f6d60-6cc8-49f0-ab7d-054b414afce3;14/05/2026;06:57:13;14/05/2026 06:59;Pedágio;;;UEB7H08;Passeio;VOLKSWAGEN;POLO;"6790100008889072	";Tag;KIT 05;;2 eixos rodagem simples;2 eixos rodagem simples;Ecovias Raposo Castello;SP-280, KM 018+000, Osasco - SP;-3,99;0;-3,99;;Não
5f244add-fb68-4164-a024-f17d1ecea15f;14/05/2026;07:08:09;14/05/2026 07:09;Pedágio;;;UEB7H08;Passeio;VOLKSWAGEN;POLO;"6790100008889072	";Tag;KIT 05;;2 eixos rodagem simples;2 eixos rodagem simples;Ecovias Raposo Castello;SP-280, KM 033+000, Itapevi - SP;-9,31;0;-9,31;;Não
53154c9c-a6c9-4939-9c18-e1e1373b6629;14/05/2026;08:40:11;14/05/2026 08:42;Pedágio;;;UER7D08;Passeio;VOLKSWAGEN;POLO;"6790100008888934	";Tag;KIT 05;;2 eixos rodagem simples;2 eixos rodagem simples;RodoAnel Oeste;Rodoanel Mário Covas, KM 003+500, São Paulo - SP;-3,5;0;-3,5;;Não
ce169b6b-05b0-440f-9ddf-a55934b12e27;14/05/2026;08:40:44;14/05/2026 09:50;Pedágio;;;UGU6E48;Passeio;VOLKSWAGEN;POLO;"6790100008889452	";Tag;KIT 03;;2 eixos rodagem simples;2 eixos rodagem simples;AutoBan;Rodovia Anhanguera, KM 026+495, São Paulo - SP;-13,7;0;-13,7;;Não
2ad82c36-c840-4332-9bb4-2b0b20396d12;14/05/2026;08:48:53;14/05/2026 09:53;Pedágio;;;UER7D08;Passeio;VOLKSWAGEN;POLO;"6790100008888934	";Tag;KIT 05;;2 eixos rodagem simples;2 eixos rodagem simples;AutoBan;Rodovia dos Bandeirantes, KM 039+047, Franco da Rocha - SP;-13,7;0;-13,7;;Não
f55302a1-87a2-4f95-a4f5-41f5b00be8dc;14/05/2026;10:01:27;14/05/2026 10:07;Pedágio;;;UER7D08;Passeio;VOLKSWAGEN;POLO;"6790100008888934	";Tag;KIT 05;;2 eixos rodagem simples;2 eixos rodagem simples;Rota das Bandeiras;Rodovia Engenheiro Constâncio Cintra, KM 077+100, Itatiba - SP;-6,1;0;-6,1;;Não
4e8e7a96-f20b-4e63-9e49-14841730369c;14/05/2026;10:45:06;14/05/2026 10:47;Pedágio;;;UER7D08;Passeio;VOLKSWAGEN;POLO;"6790100008888934	";Tag;KIT 05;;2 eixos rodagem simples;2 eixos rodagem simples;Rota das Bandeiras;Rodovia Dom Pedro I, KM 079+900, Atibaia - SP;-10,6;0;-10,6;;Não
11176f66-578a-44a4-b99c-43565a1a428f;14/05/2026;11:16:39;14/05/2026 11:18;Pedágio;;;UER7D08;Passeio;VOLKSWAGEN;POLO;"6790100008888934	";Tag;KIT 05;;2 eixos rodagem simples;2 eixos rodagem simples;Rota das Bandeiras;Rodovia Dom Pedro I, KM 026+500, Igaratá - SP;-13,3;0;-13,3;;Não
ad6e536e-20df-4827-92ec-5b346c1a528e;12/05/2026;15:39:18;14/05/2026 12:40;Pedágio;;;UGU6E48;Passeio;VOLKSWAGEN;POLO;"6790100008889452	";Tag;KIT 03;;2 eixos rodagem simples;2 eixos rodagem simples;AutoBan;Rodovia Anhanguera, KM 118+000, Nova Odessa - SP;-12,1;0;-12,1;;Não
e909788c-5018-4283-a1b0-b5c493ce5729;14/05/2026;11:36:25;14/05/2026 13:19;Pedágio;;;UER7D08;Passeio;VOLKSWAGEN;POLO;"6790100008888934	";Tag;KIT 05;;2 eixos rodagem simples;2 eixos rodagem simples;RioSP;Rodovia Presidente Dutra, KM 165+200, Jacareí - SP;-6,36;0;-6,36;;Não
c07b1e95-81db-492d-b036-ca23c7957f2f;14/05/2026;13:53:56;14/05/2026 13:59;Pedágio;;;UEB7H08;Passeio;VOLKSWAGEN;POLO;"6790100008889072	";Tag;KIT 05;;2 eixos rodagem simples;2 eixos rodagem simples;Ecovias Raposo Castello;SP-280, KM 020+000, Barueri - SP;-3,99;0;-3,99;;Não
d54a5570-ac91-4dcb-beb7-df30a7abcaa4;14/05/2026;14:04:54;14/05/2026 14:17;Pedágio;;;UEB7H08;Passeio;VOLKSWAGEN;POLO;"6790100008889072	";Tag;KIT 05;;2 eixos rodagem simples;2 eixos rodagem simples;RodoAnel Oeste;Rodoanel Mário Covas, KM 025+360, Cotia - SP;-3,5;0;-3,5;;Não
70437cfd-7ce4-47a3-ac84-6fcb0939cf05;14/05/2026;14:42:15;14/05/2026 14:43;Pedágio;;;UEB7H08;Passeio;VOLKSWAGEN;POLO;"6790100008889072	";Tag;KIT 05;;2 eixos rodagem simples;2 eixos rodagem simples;SPMar;Rodoanel Mario Covas, KM 070+200, São Bernardo do Campo - SP;-5,4;0;-5,4;;Não
582feb33-2065-4b37-b416-b77d5927d224;14/05/2026;14:47:55;14/05/2026 14:48;Pedágio;;;UEB7H08;Passeio;VOLKSWAGEN;POLO;"6790100008889072	";Tag;KIT 05;;2 eixos rodagem simples;2 eixos rodagem simples;Ecovias Imigrantes;Rodovia dos Imigrantes, KM 032+381, São Bernardo do Campo - SP;-38,7;0;-38,7;;Não
1e9d2136-fe40-487e-82a8-e2483af03010;14/05/2026;12:32:45;14/05/2026 15:20;Pedágio;;;UGU6E48;Passeio;VOLKSWAGEN;POLO;"6790100008889452	";Tag;KIT 03;;2 eixos rodagem simples;2 eixos rodagem simples;RioSP;Rodovia Presidente Dutra, KM 219+165, Guarulhos - SP;-4,5;0;-4,5;;Não
0bab5185-d9de-459e-b958-b1ef02fecf22;14/05/2026;13:52:13;14/05/2026 16:44;Pedágio;;;UGU6E48;Passeio;VOLKSWAGEN;POLO;"6790100008889452	";Tag;KIT 03;;2 eixos rodagem simples;2 eixos rodagem simples;RioSP;Rodovia Presidente Dutra, KM 223+015, Guarulhos - SP;-0,59;0;-0,59;;Não
25b3217b-adee-4750-9b3d-061732885ac8;14/05/2026;15:23:56;14/05/2026 16:46;Pedágio;;;UER7D08;Passeio;VOLKSWAGEN;POLO;"6790100008888934	";Tag;KIT 05;;2 eixos rodagem simples;2 eixos rodagem simples;RioSP;Rodovia Presidente Dutra, KM 318+900, Itatiaia - RJ;-12,62;0;-12,62;;Não
347f6e4d-b327-45f3-9bac-0e43177405fd;14/05/2026;14:28:20;14/05/2026 17:28;Pedágio;;;UGU6E48;Passeio;VOLKSWAGEN;POLO;"6790100008889452	";Tag;KIT 03;;2 eixos rodagem simples;2 eixos rodagem simples;RioSP;Rodovia Presidente Dutra, KM 219+165, Guarulhos - SP;-3,95;0;-3,95;;Não
35f7f860-2088-4db7-9cf7-40c750d61d7e;14/05/2026;20:39:08;14/05/2026 20:41;Pedágio;;;UGU6E48;Passeio;VOLKSWAGEN;POLO;"6790100008889452	";Tag;KIT 03;;2 eixos rodagem simples;2 eixos rodagem simples;Ecovias Raposo Castello;SP-280, KM 018+000, Osasco - SP;-3,99;0;-3,99;;Não
7d4eafd6-169f-4831-bb4c-06ad5cf05c94;14/05/2026;21:26:00;14/05/2026 21:30;Pedágio;;;UER7D08;Passeio;VOLKSWAGEN;POLO;"6790100008888934	";Tag;KIT 05;;2 eixos rodagem simples;2 eixos rodagem simples;CRP Concessionária;BR-393, KM 003+300, Pirapetinga - MG;-11;0;-11;;Não
475909a7-bdaf-4348-85dd-261657782cc2;15/05/2026;00:16:24;15/05/2026 00:38;Pedágio;;;UER7D08;Passeio;VOLKSWAGEN;POLO;"6790100008888934	";Tag;KIT 05;;2 eixos rodagem simples;2 eixos rodagem simples;Ecovias Capixaba;BR-101, KM 452+000, Mimoso do Sul - ES;-2,85;0;-2,85;;Não
f6f67f7b-d51d-45c4-a69a-3870f3e5576e;15/05/2026;00:14:12;15/05/2026 00:38;Pedágio;;;UGU6E48;Passeio;VOLKSWAGEN;POLO;"6790100008889452	";Tag;KIT 03;;2 eixos rodagem simples;2 eixos rodagem simples;Ecovias Raposo Castello;SP-280, KM 020+000, Barueri - SP;-3,99;0;-3,99;;Não
4b5a5583-571d-48da-af3f-8d491dfabba1;15/05/2026;00:59:23;15/05/2026 01:06;Pedágio;;;UER7D08;Passeio;VOLKSWAGEN;POLO;"6790100008888934	";Tag;KIT 05;;2 eixos rodagem simples;2 eixos rodagem simples;Ecovias Capixaba;BR-101, KM 398+900, Itapemirim - ES;-5,04;0;-5,04;;Não
0c836853-5234-4d62-8558-7191feebf1ca;15/05/2026;00:25:07;15/05/2026 01:10;Pedágio;;;UGU6E48;Passeio;VOLKSWAGEN;POLO;"6790100008889452	";Tag;KIT 03;;2 eixos rodagem simples;2 eixos rodagem simples;RodoAnel Oeste;Rodoanel Mário Covas, KM 025+360, Cotia - SP;-3,5;0;-3,5;;Não
ea09c960-3401-4380-a449-254359e819be;15/05/2026;00:49:24;15/05/2026 01:14;Pedágio;;;UGU6E48;Passeio;VOLKSWAGEN;POLO;"6790100008889452	";Tag;KIT 03;;2 eixos rodagem simples;2 eixos rodagem simples;Autopista Régis Bittencourt;Rodovia Régis Bittencourt, KM 298+000, São Lourenço da Serra - SP;-4,3;0;-4,3;;Não
f1ae4c83-ff0d-42af-bd24-b5f8e5993d57;15/05/2026;01:54:02;15/05/2026 01:55;Pedágio;;;UGU6E48;Passeio;VOLKSWAGEN;POLO;"6790100008889452	";Tag;KIT 03;;2 eixos rodagem simples;2 eixos rodagem simples;Autopista Régis Bittencourt;Rodovia Régis Bittencourt, KM 370+300, Miracatu - SP;-4,3;0;-4,3;;Não
c53339e9-1120-48ef-968b-e55655a9c19b;15/05/2026;02:05:38;15/05/2026 02:05;Pedágio;;;UER7D08;Passeio;VOLKSWAGEN;POLO;"6790100008888934	";Tag;KIT 05;;2 eixos rodagem simples;2 eixos rodagem simples;Ecovias Capixaba;BR-101, KM 320+800, Guarapari - ES;-5,99;0;-5,99;;Não
74434a97-1fe1-4369-aee0-db949a064d97;15/05/2026;02:46:40;15/05/2026 02:47;Pedágio;;;UGU6E48;Passeio;VOLKSWAGEN;POLO;"6790100008889452	";Tag;KIT 03;;2 eixos rodagem simples;2 eixos rodagem simples;Autopista Régis Bittencourt;Rodovia Régis Bittencourt, KM 426+000, Juquiá - SP;-4,3;0;-4,3;;Não
96105c42-eba8-4ef3-8147-e50f7d098de1;15/05/2026;03:36:06;15/05/2026 03:37;Pedágio;;;UGU6E48;Passeio;VOLKSWAGEN;POLO;"6790100008889452	";Tag;KIT 03;;2 eixos rodagem simples;2 eixos rodagem simples;Autopista Régis Bittencourt;Rodovia Régis Bittencourt, KM 485+000, Cajati - SP;-4,3;0;-4,3;;Não
b41728e5-655d-41cd-81f6-c2d3b01af88d;15/05/2026;04:25:35;15/05/2026 04:26;Pedágio;;;UGU6E48;Passeio;VOLKSWAGEN;POLO;"6790100008889452	";Tag;KIT 03;;2 eixos rodagem simples;2 eixos rodagem simples;Autopista Régis Bittencourt;Rodovia Régis Bittencourt, KM 542+000, Barra do Turvo - SP;-4,3;0;-4,3;;Não
9855a980-38b7-4d73-bb4c-1884a84cbe3f;15/05/2026;05:58:09;15/05/2026 05:58;Pedágio;;;UGU6E48;Passeio;VOLKSWAGEN;POLO;"6790100008889452	";Tag;KIT 03;;2 eixos rodagem simples;2 eixos rodagem simples;Autopista Régis Bittencourt;Rodovia Régis Bittencourt, KM 056+000, Campina Grande do Sul - PR;-4,3;0;-4,3;;Não
2c0fc4bb-9189-4d9c-89a0-a2815e9ef9e9;15/05/2026;06:58:22;15/05/2026 06:59;Pedágio;;;UGU6E48;Passeio;VOLKSWAGEN;POLO;"6790100008889452	";Tag;KIT 03;;2 eixos rodagem simples;2 eixos rodagem simples;Autopista Litoral Sul;BR-376, KM 635+400, São José dos Pinhais - PR;-5,7;0;-5,7;;Não
0841665a-44e7-49e6-aae1-9aa84eef8fc9;15/05/2026;07:08:33;15/05/2026 07:09;Pedágio;;;UEB7H08;Passeio;VOLKSWAGEN;POLO;"6790100008889072	";Tag;KIT 05;;2 eixos rodagem simples;2 eixos rodagem simples;Ecovias Raposo Castello;SP-280, KM 020+000, Barueri - SP;-3,99;0;-3,99;;Não
cb0464bc-d86c-4f40-99ad-4e378a1011e8;15/05/2026;07:20:43;15/05/2026 07:24;Pedágio;;;UEB7H08;Passeio;VOLKSWAGEN;POLO;"6790100008889072	";Tag;KIT 05;;2 eixos rodagem simples;2 eixos rodagem simples;RodoAnel Oeste;Rodoanel Mário Covas, KM 024+000, Osasco - SP;-3,5;0;-3,5;;Não
3bfac869-ec71-4c91-b837-60743e6f3bfd;15/05/2026;07:32:15;15/05/2026 10:10;Pedágio;;;UGU6E48;Passeio;VOLKSWAGEN;POLO;"6790100008889452	";Tag;KIT 03;;2 eixos rodagem simples;2 eixos rodagem simples;Autopista Litoral Sul;BR-101, KM 001+300, Garuva - SC;-5,7;0;-5,7;;Não
a0364469-ddc5-4e10-9ba9-a2141f07b469;15/05/2026;08:54:10;15/05/2026 10:54;Pedágio;;;UGU6E48;Passeio;VOLKSWAGEN;POLO;"6790100008889452	";Tag;KIT 03;;2 eixos rodagem simples;2 eixos rodagem simples;Autopista Litoral Sul;BR-101, KM 001+300, Garuva - SC;-5,7;0;-5,7;;Não
e10c8aff-a4e4-4d5e-ac67-93d456ad9784;15/05/2026;05:20:04;15/05/2026 11:03;Pedágio;;;UEB7H08;Passeio;VOLKSWAGEN;POLO;"6790100008889072	";Tag;KIT 05;;2 eixos rodagem simples;2 eixos rodagem simples;Ecovias Raposo Castello;SP-280, KM 018+000, Osasco - SP;-3,99;0;-3,99;;Não
27cda2fe-b065-4488-90e9-6bd767c57d9e;15/05/2026;09:30:30;15/05/2026 11:07;Pedágio;;;UGU6E48;Passeio;VOLKSWAGEN;POLO;"6790100008889452	";Tag;KIT 03;;2 eixos rodagem simples;2 eixos rodagem simples;Autopista Litoral Sul;BR-376, KM 635+400, São José dos Pinhais - PR;-5,7;0;-5,7;;Não
894fd68e-2389-4db2-91bb-f8293cca7703;15/05/2026;10:44:48;15/05/2026 11:08;Pedágio;;;UER7D08;Passeio;VOLKSWAGEN;POLO;"6790100008888934	";Tag;KIT 05;;2 eixos rodagem simples;2 eixos rodagem simples;Ecovias Capixaba;BR-101, KM 320+800, Guarapari - ES;-5,99;0;-5,99;;Não
fb176bbf-9ea3-44e9-a44b-a3e53ca9d05e;15/05/2026;08:23:32;15/05/2026 11:13;Pedágio;;;UEB7H08;Passeio;VOLKSWAGEN;POLO;"6790100008889072	";Tag;KIT 05;;2 eixos rodagem simples;2 eixos rodagem simples;RodoAnel Oeste;Rodoanel Mário Covas, KM 003+500, São Paulo - SP;-3,5;0;-3,5;;Não
65068ea1-4d2d-471c-a7bd-2c60af5dcb68;15/05/2026;08:32:25;15/05/2026 11:28;Pedágio;;;UEB7H08;Passeio;VOLKSWAGEN;POLO;"6790100008889072	";Tag;KIT 05;;2 eixos rodagem simples;2 eixos rodagem simples;AutoBan;Rodovia dos Bandeirantes, KM 039+047, Franco da Rocha - SP;-13,7;0;-13,7;;Não
9aa07b0f-f833-4734-8311-9852f5c96c8e;15/05/2026;08:52:00;15/05/2026 11:29;Pedágio;;;UEB7H08;Passeio;VOLKSWAGEN;POLO;"6790100008889072	";Tag;KIT 05;;2 eixos rodagem simples;2 eixos rodagem simples;AutoBan;Rodovia dos Bandeirantes, KM 077+430, Itupeva - SP;-13,6;0;-13,6;;Não
fadbee6e-a57d-45d1-b745-8b13b6b7dd36;15/05/2026;10:13:17;15/05/2026 11:46;Pedágio;;;UEB7H08;Passeio;VOLKSWAGEN;POLO;"6790100008889072	";Tag;KIT 05;;2 eixos rodagem simples;2 eixos rodagem simples;AutoBan;Rodovia dos Bandeirantes, KM 077+430, Itupeva - SP;-13,6;0;-13,6;;Não
1fef7166-28e2-46d7-a4a1-73ea76d93501;15/05/2026;10:51:24;15/05/2026 11:56;Pedágio;;;UEB7H08;Passeio;VOLKSWAGEN;POLO;"6790100008889072	";Tag;KIT 05;;2 eixos rodagem simples;2 eixos rodagem simples;AutoBan;Rodovia dos Bandeirantes, KM 036+200, Caieiras - SP;-13,7;0;-13,7;;Não
6107118b-0932-4f34-9e73-066016deb83c;15/05/2026;12:22:09;15/05/2026 12:22;Pedágio;;;UER7D08;Passeio;VOLKSWAGEN;POLO;"6790100008888934	";Tag;KIT 05;;2 eixos rodagem simples;2 eixos rodagem simples;Ecovias Capixaba;BR-101, KM 398+900, Itapemirim - ES;-5,04;0;-5,04;;Não
ff20f00c-a824-42ef-a8ef-43e69ebae881;15/05/2026;12:58:29;15/05/2026 12:58;Pedágio;;;UER7D08;Passeio;VOLKSWAGEN;POLO;"6790100008888934	";Tag;KIT 05;;2 eixos rodagem simples;2 eixos rodagem simples;Ecovias Capixaba;BR-101, KM 452+000, Mimoso do Sul - ES;-2,85;0;-2,85;;Não
7758a6c9-e3fa-435a-bbf9-04455b30ff22;15/05/2026;15:22:27;15/05/2026 15:23;Pedágio;;;UER7D08;Passeio;VOLKSWAGEN;POLO;"6790100008888934	";Tag;KIT 05;;2 eixos rodagem simples;2 eixos rodagem simples;CRP Concessionária;BR-393, KM 003+300, Pirapetinga - MG;-11;0;-11;;Não
400c319d-08c0-4081-b3dd-7d7054b2ee6e;15/05/2026;12:12:54;15/05/2026 15:35;Pedágio;;;UEB7H08;Passeio;VOLKSWAGEN;POLO;"6790100008889072	";Tag;KIT 05;;2 eixos rodagem simples;2 eixos rodagem simples;RioSP;Rodovia Presidente Dutra, KM 223+015, Guarulhos - SP;-0,59;0;-0,59;;Não
904a4822-67c3-4aa1-8440-956a3efbfacd;15/05/2026;15:28:09;15/05/2026 15:35;Pedágio;;;UGU6E48;Passeio;VOLKSWAGEN;POLO;"6790100008889452	";Tag;KIT 03;;2 eixos rodagem simples;2 eixos rodagem simples;Via Araucária;BR-277, KM 140+000, São Luiz do Purunã - PR;-8,84;0;-8,84;;Não
29864a4c-aac2-46c0-9e66-f39933e8c996;15/05/2026;12:46:58;15/05/2026 16:19;Pedágio;;;UEB7H08;Passeio;VOLKSWAGEN;POLO;"6790100008889072	";Tag;KIT 05;;2 eixos rodagem simples;2 eixos rodagem simples;RioSP;Rodovia Presidente Dutra, KM 219+165, Guarulhos - SP;-4,62;0;-4,62;;Não
04a12dfe-63e4-4523-ba0c-6ba43d8838eb;15/05/2026;16:46:42;15/05/2026 17:16;Pedágio;;;UGU6E48;Passeio;VOLKSWAGEN;POLO;"6790100008889452	";Tag;KIT 03;;2 eixos rodagem simples;2 eixos rodagem simples;PRVias;BR-376, KM 448+055, Tibagi - PR;-12,16;0;-12,16;;Não
5afe1c47-0081-4ca7-aac5-0828feaf4f0e;15/05/2026;17:38:33;15/05/2026 18:10;Pedágio;;;UGU6E48;Passeio;VOLKSWAGEN;POLO;"6790100008889452	";Tag;KIT 03;;2 eixos rodagem simples;2 eixos rodagem simples;PRVias;BR-376, KM 370+095, Imbaú - PR;-12,16;0;-12,16;;Não
227dbd25-b6fa-4d1b-b429-cdb552d797f3;15/05/2026;18:19:38;15/05/2026 18:46;Pedágio;;;UGU6E48;Passeio;VOLKSWAGEN;POLO;"6790100008889452	";Tag;KIT 03;;2 eixos rodagem simples;2 eixos rodagem simples;PRVias;BR-376, KM 316+007, Ortigueira - PR;-12,16;0;-12,16;;Não
91f375c4-d85f-490b-a59e-bbb65a6565a6;15/05/2026;17:26:01;15/05/2026 20:35;Pedágio;;;UEB7H08;Passeio;VOLKSWAGEN;POLO;"6790100008889072	";Tag;KIT 05;;2 eixos rodagem simples;2 eixos rodagem simples;RioSP;Rodovia Presidente Dutra, KM 224+022, Guarulhos - SP;-0,92;0;-0,92;;Não
28c69651-a69e-4fc0-918d-b23a7cec606f;14/05/2026;12:59:37;15/05/2026 20:37;Pedágio;;;UER7D08;Passeio;VOLKSWAGEN;POLO;"6790100008888934	";Tag;KIT 05;;2 eixos rodagem simples;2 eixos rodagem simples;RioSP;Rodovia Presidente Dutra, KM 086+950, Pindamonhangaba - SP;-14,23;0;-14,23;;Não
9bb710ef-1d4d-470c-becf-d9a439899a45;15/05/2026;20:57:48;15/05/2026 20:58;Pedágio;;;UGU6E48;Passeio;VOLKSWAGEN;POLO;"6790100008889452	";Tag;KIT 03;;2 eixos rodagem simples;2 eixos rodagem simples;Entrevias;SP-333, KM 447+458, Florínea - SP;-12,92;0;-12,92;;Não
572168b7-4210-4c22-8d73-cf5c9b1f1ce6;15/05/2026;20:53:59;15/05/2026 21:10;Pedágio;;;UGU6E48;Passeio;VOLKSWAGEN;POLO;"6790100008889452	";Tag;KIT 03;;2 eixos rodagem simples;2 eixos rodagem simples;PRVias;PR-323, KM 002+097, Sertaneja - PR;-11,21;0;-11,21;;Não
14050857-7f05-41fc-bfb6-d3f5011dbc99;15/05/2026;20:15:26;15/05/2026 21:37;Pedágio;;;UER7D08;Passeio;VOLKSWAGEN;POLO;"6790100008888934	";Tag;KIT 05;;2 eixos rodagem simples;2 eixos rodagem simples;RioSP;Rodovia Presidente Dutra, KM 318+900, Itatiaia - RJ;-12,62;0;-12,62;;Não
e757b655-7ae7-4e25-a4df-f5fe2b4641c1;15/05/2026;15:49:51;15/05/2026 23:01;Pedágio;;;UGU6E48;Passeio;VOLKSWAGEN;POLO;"6790100008889452	";Tag;KIT 03;;2 eixos rodagem simples;2 eixos rodagem simples;PRVias;BR-376, KM 529+085, Witmarsum - SC;-11,4;0;-11,4;;Não
069d59fc-3789-4b6d-9ee4-8f7ce508ba40;15/05/2026;22:40:12;15/05/2026 23:40;Pedágio;;;UER7D08;Passeio;VOLKSWAGEN;POLO;"6790100008888934	";Tag;KIT 05;;2 eixos rodagem simples;2 eixos rodagem simples;RioSP;Rodovia Presidente Dutra, KM 180+800, Guararema - SP;-3,45;0;-3,45;;Não
